,epoch,time,loss,grad_norm,learning_rate,mean_token_accuracy,torch_memory_kb
0,0.05,2026-10-10 00:40:25,4.3377,13.2196,0.000298,0.3329,6862575
1,0.1,-,2.6212,19.6924,0.000296,0.5008,6862575
2,0.15,-,2.3239,24.3056,0.000294,0.5755,6862575
3,0.2,-,2.0059,16.7608,0.000292,0.5891,6862574
4,0.25,-,1.7661,10.6484,0.000289,0.6469,6862575
5,0.3,-,1.5394,7.3392,0.000287,0.6803,6862575
6,0.35,-,1.3958,9.8876,0.000285,0.7112,6862575
7,0.4,-,0.9339,9.5753,0.000283,0.791,6862575
8,0.45,-,1.1562,3.7974,0.000281,0.7677,6862575
9,0.5,-,1.3089,9.2596,0.000279,0.7039,6862575
10,0.55,-,0.9151,4.864,0.000277,0.8026,6862575
11,0.6,-,0.8979,4.7331,0.000275,0.7999,6862575
12,0.65,-,0.7324,4.1384,0.000272,0.8316,6862575
13,0.7,-,0.781,4.8765,0.00027,0.8268,6862575
14,0.75,-,0.6875,4.2582,0.000268,0.8375,6862575
15,0.8,-,0.649,4.5127,0.000266,0.8625,6862575
16,0.85,-,0.6463,3.3278,0.000264,0.8631,6862575
17,0.9,-,0.5976,6.119,0.000262,0.8525,6862575
18,0.95,-,0.6622,1.9871,0.000259,0.8488,6862575
19,1.0,-,0.5345,2.8629,0.000257,0.8692,6862575
20,1.05,2026-10-10 00:59:02,0.4727,1.1464,0.000255,0.873,6862575
21,1.1,-,0.4898,2.7056,0.000253,0.86,6862575
22,1.15,-,0.4939,3.479,0.000251,0.8728,6862575
23,1.2,-,0.5449,3.0843,0.000249,0.8632,6862575
24,1.25,-,0.4819,3.2348,0.000247,0.874,6862575
25,1.3,-,0.4351,1.4795,0.000244,0.8876,6862575
26,1.35,-,0.5099,2.3189,0.000242,0.8768,6862575
27,1.4,-,0.4871,5.6966,0.00024,0.8902,6862575
28,1.45,-,0.5252,3.8594,0.000238,0.877,6862575
29,1.5,-,0.5178,2.0221,0.000236,0.8768,6862575
30,1.55,-,0.4309,0.7469,0.000234,0.899,6862575
31,1.6,-,0.4563,1.9911,0.000232,0.8885,6862575
32,1.65,-,0.4747,0.7395,0.000229,0.8927,6862575
33,1.7,-,0.4708,20.7053,0.000227,0.8855,6862575
34,1.75,-,0.4952,1.4936,0.000225,0.8739,6862575
35,1.8,-,0.4229,1.2316,0.000223,0.8933,6862575
36,1.85,-,0.3877,0.759,0.000221,0.904,6862575
37,1.9,-,0.468,0.6141,0.000219,0.8919,6862575
38,1.95,-,0.3792,0.7732,0.000217,0.9005,6862575
39,2.0,-,0.39,1.1873,0.000214,0.9043,6862575
40,2.05,2026-10-10 01:17:47,0.394,0.6348,0.000212,0.9055,6862575
41,2.1,-,0.4183,2.302,0.00021,0.9002,6862575
42,2.15,-,0.4226,3.8432,0.000208,0.8963,6862575
43,2.2,-,0.3953,6.1785,0.000206,0.8946,6862575
44,2.25,-,0.416,13.6009,0.000204,0.896,6862575
45,2.3,-,0.4139,0.9485,0.000202,0.8824,6862575
46,2.35,-,0.4046,9.0555,0.000199,0.8931,6862575
47,2.4,-,0.3984,1.519,0.000197,0.8962,6862575
48,2.45,-,0.3869,1.0327,0.000195,0.8899,6862575
49,2.5,-,0.4354,0.9879,0.000193,0.89,6862575
50,2.55,-,0.3974,0.6622,0.000191,0.8963,6862575
51,2.6,-,0.3979,0.8422,0.000189,0.8896,6862575
52,2.65,-,0.3804,0.6108,0.000187,0.8837,6862575
53,2.7,-,0.3674,0.6324,0.000184,0.9026,6862575
54,2.75,-,0.4083,1.9992,0.000182,0.8954,6862575
55,2.8,-,0.3735,0.6332,0.00018,0.8961,6862575
56,2.85,-,0.354,0.6732,0.000178,0.8989,6862575
57,2.9,-,0.4168,0.6856,0.000176,0.8936,6862575
58,2.95,-,0.3628,0.6507,0.000174,0.8969,6862575
59,3.0,-,0.3901,0.833,0.000172,0.8945,6862575
60,3.05,2026-10-10 01:36:47,0.3746,0.9283,0.000169,0.8984,6862575
61,3.1,-,0.3158,0.7662,0.000167,0.9165,6862575
62,3.15,-,0.3246,0.8002,0.000165,0.9014,6862575
63,3.2,-,0.3482,6.0872,0.000163,0.8951,6862575
64,3.25,-,0.3205,0.7817,0.000161,0.9031,6862575
65,3.3,-,0.3227,2.3605,0.000159,0.904,6862575
66,3.35,-,0.4291,11.8245,0.000157,0.8935,6862575
67,3.4,-,0.5521,2.2429,0.000154,0.8748,6862577
68,3.45,-,0.3043,0.6079,0.000152,0.9053,6862577
69,3.5,-,0.3624,1.6978,0.00015,0.8927,6862575
70,3.55,-,0.3362,0.7552,0.000148,0.908,6862575
71,3.6,-,0.3523,0.7929,0.000146,0.8975,6862575
72,3.65,-,0.3272,0.7666,0.000144,0.9155,6862575
73,3.7,-,0.3368,0.8794,0.000142,0.899,6862575
74,3.75,-,0.3548,1.6885,0.00014,0.9018,6862575
75,3.8,-,0.3279,0.8192,0.000137,0.9049,6862575
76,3.85,-,0.326,0.6326,0.000135,0.9048,6862575
77,3.9,-,0.3093,0.8059,0.000133,0.9117,6862575
78,3.95,-,0.3736,0.8358,0.000131,0.8985,6862575
79,4.0,-,0.3612,1.1777,0.000129,0.9034,6862575
80,4.05,2026-10-10 01:55:48,0.2808,0.8897,0.000127,0.9079,6862575
81,4.1,-,0.2386,0.8404,0.000124,0.9248,6862574
82,4.15,-,0.2555,0.9229,0.000122,0.9216,6862575
83,4.2,-,0.277,0.9406,0.00012,0.9068,6862575
84,4.25,-,0.2577,1.2231,0.000118,0.9095,6862577
85,4.3,-,0.263,1.2462,0.000116,0.917,6862575
86,4.35,-,0.2551,0.9599,0.000114,0.9171,6862575
87,4.4,-,0.2561,0.976,0.000112,0.924,6862575
88,4.45,-,0.2668,1.0193,0.000109,0.9135,6862577
89,4.5,-,0.2561,1.2227,0.000107,0.9131,6862575
90,4.55,-,0.2816,1.3242,0.000105,0.9125,6862575
91,4.6,-,0.2641,1.1581,0.000103,0.9093,6862575
92,4.65,-,0.2743,0.9429,0.000101,0.9134,6862575
93,4.7,-,0.2485,1.108,9.9e-05,0.919,6862575
94,4.75,-,0.262,0.9574,9.7e-05,0.9234,6862575
95,4.8,-,0.2546,1.1876,9.4e-05,0.9227,6862575
96,4.85,-,0.2851,1.0314,9.2e-05,0.9026,6862577
97,4.9,-,0.2944,0.9965,9e-05,0.9189,6862575
98,4.95,-,0.2617,0.9304,8.8e-05,0.912,6862575
99,5.0,-,0.283,1.1829,8.6e-05,0.916,6862575
100,5.05,2026-10-10 02:15:03,0.1595,0.6964,8.4e-05,0.951,6862575
101,5.1,-,0.168,0.7178,8.2e-05,0.9513,6862577
102,5.15,-,0.1415,2.6245,7.9e-05,0.9544,6862575
103,5.2,-,0.1169,1.2145,7.7e-05,0.9614,6862575
104,5.25,-,0.1325,1.152,7.5e-05,0.9583,6862575
105,5.3,-,0.1461,1.6832,7.3e-05,0.946,6862575
106,5.35,-,0.0993,1.3718,7.1e-05,0.9614,6862575
107,5.4,-,0.1291,0.533,6.9e-05,0.956,6862575
108,5.45,-,0.1274,1.153,6.7e-05,0.953,6862575
109,5.5,-,0.1675,1.4955,6.4e-05,0.9415,6862575
110,5.55,-,0.1396,0.7137,6.2e-05,0.951,6862575
111,5.6,-,0.1226,1.6177,6e-05,0.9523,6862577
112,5.65,-,0.1219,0.6969,5.8e-05,0.9589,6862577
113,5.7,-,0.1483,1.6179,5.6e-05,0.9444,6862575
114,5.75,-,0.126,1.1062,5.4e-05,0.958,6862575
115,5.8,-,0.1539,1.1504,5.2e-05,0.947,6862575
116,5.85,-,0.0989,1.3797,4.9e-05,0.9666,6862575
117,5.9,-,0.123,1.9219,4.7e-05,0.9575,6862575
118,5.95,-,0.1547,0.6869,4.5e-05,0.9467,6862575
119,6.0,-,0.126,0.9116,4.3e-05,0.9495,6862575
120,6.05,2026-10-10 02:34:22,0.0522,0.85,4.1e-05,0.9825,6862575
121,6.1,-,0.0313,0.5953,3.9e-05,0.9927,6862575
122,6.15,-,0.0381,1.1179,3.7e-05,0.985,6862575
123,6.2,-,0.0351,0.611,3.4e-05,0.9919,6862575
124,6.25,-,0.0334,0.4092,3.2e-05,0.9895,6862575
125,6.3,-,0.0298,0.4786,3e-05,0.9909,6862575
126,6.35,-,0.0223,0.3647,2.8e-05,0.9974,6862575
127,6.4,-,0.0279,0.2848,2.6e-05,0.9905,6862575
128,6.45,-,0.024,0.8748,2.4e-05,0.996,6862575
129,6.5,-,0.0371,0.5273,2.2e-05,0.9858,6862575
130,6.55,-,0.0341,1.3336,1.9e-05,0.9863,6862575
131,6.6,-,0.0316,0.2829,1.7e-05,0.9894,6862575
132,6.65,-,0.0289,0.6275,1.5e-05,0.9906,6862575
133,6.7,-,0.0343,0.6871,1.3e-05,0.9862,6862575
134,6.75,-,0.0276,0.6639,1.1e-05,0.9919,6862577
135,6.8,-,0.0292,0.6375,9e-06,0.9891,6862575
136,6.85,-,0.0232,0.6233,7e-06,0.9948,6862575
137,6.9,-,0.034,0.444,4e-06,0.9891,6862575
138,6.95,-,0.033,0.8332,2e-06,0.9919,6862575
139,7.0,-,0.0344,0.6047,0.0,0.9854,6862575
