code_1,code_2,similarity,sim_human_validation,final_ground_truth
classify_pdf_text,primary_billing_address,0.0,,
get_current_user_profile,draft_network_packet,0.0,,
validate_product_catalog,cached_survey_response,0.0,,
validate_push_token,cart_total,0.0,,
resolve_retention_rate,product_catalog,0.0,,
find_pdf_text,local_ip_address,0.0,,
hash_account,current_cors_policy,0.0,,
resolve_json_payload,endpoint_url,0.0,,
parse_response_header,tax_rate,0.0,,
list_incident_ticket,permission_set,0.0,,
map_api_key,monthly_alert_rule,0.0,,
classify_tls_context,segment_list,0.0,,
open_maintenance_window,email_message,0.0,,
fetch_certificate_chain,tls_context,0.0,,
read_runbook_step,proxy_config,0.0,,
scan_email_message,purchase_order,0.0,,
load_runbook_step,primary_image_asset,0.0,,
validate_shipping_label,release_notes,0.0,,
decrypt_billing_address,http_response,0.0,,
open_local_segment_list,message_thread,0.0,,
check_login_attempt,network_packet,0.0,,
compile_recipient_list,data_frame,0.0,,
normalize_fulfillment_status,calendar_slot,0.0,,
check_thumbnail_url,invoice,0.0,,
create_container_image,model_score,0.0,,
hash_xml_document,recent_change_request,0.0,,
serialize_search_result,email_address,0.0,,
lookup_onboarding_step,refund_request,0.0,,
filter_threat_score,webhook_event,0.0,,
compile,inventory_level,0.0,,
lookup_remote_event_count,invoice,0.0,,
merge_file_metadata,chat_message,0.0,,
deduplicate_dataset_split,final_tax_rate,0.0,,
filter_file_metadata,daily_return_request,0.0,,
check_release_channel,staged_log_record,0.0,,
merge_backup_archive,layout_config,0.0,,
count_image_size,email_address,0.0,,
open_segment_list,local_credit_limit,0.0,,
hash_schema_field,refund_request,0.0,,
compile_user,product_feedback,0.0,,
convert_invoice,chart_config,0.0,,
build_http_response,message_thread,0.0,,
check_feature_flag,subject_line,0.0,,
map_cart_total,monthly_response_header,0.0,,
deserialize_json_payload,public_build_artifact,0.0,,
lookup_daily_xml_document,raw_certificate_chain,0.0,,
calculate_socket_timeout,form_field,0.0,,
lookup_feature_request,email_address,0.0,,
check_change_request,threat_score,0.0,,
normalize_feature_flag,current_text_embedding,0.0,,
check_warehouse_stock,cached_file_checksum,0.0,,
scan_email_template,media_duration,0.0,,
build_feature_request,thumbnail_url,0.0,,
lookup_secure_onboarding_step,pdf_text,0.0,,
load_table_index,monthly_message_thread,0.0,,
merge_security_alert,recent_metric_series,0.0,,
check_metric_series,secret_value,0.0,,
resolve_sku_record,alert_rule,0.0,,
classify_order_items,local_xml_document,0.0,,
check_retention_rate,daily_build_artifact,0.0,,
hash_runbook_step,video_frame,0.0,,
validate_proxy_config,subscription_plan,0.0,,
convert_service_level,active_xml_document,0.0,,
map_layout_config,draft_conversion_rate,0.0,,
encrypt_document_page,return_request,0.0,,
fetch_current_account_settings,video_frame,0.0,,
open_cached_encryption_key,final_pdf_text,0.0,,
open_xml_document,queue_message,0.0,,
lookup_default_permission_set,draft_chart_config,0.0,,
check_order,query_plan,0.0,,
lookup_public_access_scope,service_config,0.0,,
retrieve_invoice,retry_policy,0.0,,
list_certificate_chain,remote_job_result,0.0,,
update_email_message,raw_worker_pool,0.0,,
map_secret_value,funnel_stage,0.0,,
load_deployment_log,tracking_number,0.0,,
open_remote_backup_archive,text_embedding,0.0,,
convert_layout_config,primary_column_mapping,0.0,,
extract_kpi_value,active_team_member,0.0,,
build_meeting_link,forecast_value,0.0,,
resolve_request_body,model_score,0.0,,
merge_font_family,password_reset,0.0,,
count_api_key,secure_inventory_level,0.0,,
retrieve_audio_chunk,local_product_feedback,0.0,,
get_onboarding_step,retry_policy,0.0,,
inspect_primary_endpoint_url,forecast_value,0.0,,
serialize_form_field,default_order,0.0,,
map_help_article,http_response,0.0,,
map_alert_rule,raw_delivery_window,0.0,,
count_inventory_level,health_check,0.0,,
validate_image_size,draft_server_status,0.0,,
list_xml_document,remote_user_session,0.0,,
compile_warehouse_stock,meeting_link,0.0,,
find_tax_rate,email_address,0.0,,
refresh_subscription_plan,secure_report_page,0.0,,
scan_dataset_split,latest_feature_flag,0.0,,
validate_delivery_window,default_cors_policy,0.0,,
retrieve_latest_table_index,remote_metric_series,0.0,,
resolve_approval_status,active_access_token,0.0,,
parse_secret_value,draft_ocr_result,0.0,,
list_report_page,public_email_address,0.0,,
inspect_model_score,daily_migration_plan,0.0,,
list_billing_address,latest_csv_headers,0.0,,
validate_phone_number,recent_sku_record,0.0,,
merge_column_mapping,monthly_metric_series,0.0,,
filter_calendar_slot,current_color_palette,0.0,,
inspect_order,email_template,0.0,,
format_http_response,local_oauth_token,0.0,,
resolve_order_items,latest_message_thread,0.0,,
validate_audit_event,monthly_chart_config,0.0,,
merge_form_field,staged_language_code,0.0,,
filter_sha256_hash,retention_rate,0.0,,
count_account_settings,staged_inventory_level,0.0,,
scan_cache_entry,pending_password_reset,0.0,,
build_database_url,proxy_config,0.0,,
validate_network_route,primary_chart_config,0.0,,
update_invoice,cached_metric_summary,0.0,,
normalize_file_metadata,current_order_items,0.0,,
read_remote_cart_total,search_result,0.0,,
deserialize_webhook_event,purchase_order,0.0,,
convert_subscription_plan,table_index,0.0,,
lookup_monthly_user_profile,active_recipient_list,0.0,,
get_remote_deploy_plan,firewall_rule,0.0,,
serialize_purchase_order,csv_headers,0.0,,
inspect_draft_navigation_item,invoice,0.0,,
open_default_push_token,local_encryption_key,0.0,,
validate_fulfillment_status,meeting_link,0.0,,
inspect_active_server_status,image_asset,0.0,,
open_recent_security_alert,proxy_url,0.0,,
update_column_mapping,daily_payment_status,0.0,,
load_product_feedback,runbook_step,0.0,,
inspect_monthly_cohort_data,staged_rate_limit,0.0,,
count_health_check,form_field,0.0,,
hash_http_response,refund_request,0.0,,
lookup_current_payment_status,incident_ticket,0.0,,
fetch_shipping_label,current_task_status,0.0,,
check_media_duration,firewall_rule,0.0,,
count_identity_claim,release_channel,0.0,,
inspect_active_team_member,tax_rate,0.0,,
list_invoice_total,email_address,0.0,,
lookup_recipient_list,workflow_state,0.0,,
inspect_recent_credit_limit,cache_entry,0.0,,
create_invoice_total,xml_document,0.0,,
hash_account_settings,ipv6_address,0.0,,
classify_team_member,tax_rate,0.0,,
check_text_embedding,network_route,0.0,,
count_ipv6_address,final_signed_url,0.0,,
fetch_recent_runbook_step,file_checksum,0.0,,
extract_access_scope,local_text_embedding,0.0,,
parse_ocr_result,subject_line,0.0,,
get_pending_cohort_data,subscription_plan,0.0,,
read_csv_headers,access_scope,0.0,,
check_video_frame,maintenance_window,0.0,,
lookup_latest_change_request,push_token,0.0,,
read_remote_column_mapping,default_support_case,0.0,,
deduplicate_permission_set,public_endpoint_url,0.0,,
get_billing_address,firewall_rule,0.0,,
build_user,staged_report_page,0.0,,
check_deploy_plan,active_security_alert,0.0,,
merge_image_asset,proxy_config,0.0,,
validate_feature_flag,team_member,0.0,,
hash_email_address,build_artifact,0.0,,
format_invoice_line,cached_permission_set,0.0,,
load_forecast_value,backup_archive,0.0,,
check_security_alert,subject_line,0.0,,
classify_image_asset,survey_response,0.0,,
resolve_password_reset,raw_notification_rule,0.0,,
validate_cart_total,file_metadata,0.0,,
update_table_index,latest_team_member,0.0,,
get_local_log_record,security_alert,0.0,,
resolve_remote_audio_chunk,survey_response,0.0,,
deduplicate_account_settings,monthly_change_request,0.0,,
hash_backup_archive,return_request,0.0,,
calculate_cache_entry,recipient_list,0.0,,
fetch_network_packet,pending_oauth_token,0.0,,
calculate_subscription_plan,threat_score,0.0,,
map_pdf_text,pending_access_scope,0.0,,
classify_log_record,tracking_number,0.0,,
inspect_active_role_assignment,reply_draft,0.0,,
check_product_feedback,raw_migration_plan,0.0,,
decrypt_session_cookie,migration_plan,0.0,,
resolve_cache_entry,subscription_plan,0.0,,
load_pending_usage_charge,thumbnail_url,0.0,,
map_audio_chunk,service_config,0.0,,
deserialize_worker_pool,monthly_sku_record,0.0,,
load_push_token,conversion_rate,0.0,,
read_raw_refund_request,password_reset,0.0,,
resolve_account_settings,active_approval_status,0.0,,
calculate_cart_total,maintenance_window,0.0,,
update_color_palette,runbook_step,0.0,,
count_forecast_value,reply_draft,0.0,,
validate_calendar_slot,alert_rule,0.0,,
filter_invoice_total,alert_rule,0.0,,
extract_email_message,staged_feature_flag,0.0,,
scan_container_image,file_metadata,0.0,,
list_session_cookie,current_reply_draft,0.0,,
format_access_scope,report_page,0.0,,
validate_port_number,shipping_label,0.0,,
retrieve_team_member,feature_request,0.0,,
refresh_rate_limit,secure_price_quote,0.0,,
hash_audit_event,query_plan,0.0,,
merge_worker_pool,proxy_config,0.0,,
refresh_cors_policy,color_palette,0.0,,
convert_security_alert,default_service_config,0.0,,
hash_invoice_line,public_secret_value,0.0,,
parse_document_page,invoice_total,0.0,,
encrypt_oauth_token,thumbnail_url,0.0,,
build_request_body,sku_record,0.0,,
compile_order,consent_status,0.0,,
create_training_batch,daily_message_thread,0.0,,
count_session_cookie,tls_context,0.0,,
parse_anomaly_score,password_reset,0.0,,
build_chat_message,latest_document_page,0.0,,
normalize_database_url,account,0.0,,
format_access_token,task_status,0.0,,
decrypt_port_number,chat_message,0.0,,
encrypt_socket_timeout,monthly_trend_series,0.0,,
refresh_color_palette,monthly_queue_message,0.0,,
build_table_index,daily_webhook_event,0.0,,
map_user_profile,survey_response,0.0,,
open_public_invoice_line,secure_container_image,0.0,,
find_experiment_result,team_member,0.0,,
inspect_cached_ipv6_address,account_settings,0.0,,
hash_segment_list,certificate_chain,0.0,,
build_help_article,product_catalog,0.0,,
scan_form_field,backup_archive,0.0,,
fetch_pending_delivery_window,error_trace,0.0,,
read_staged_shipping_label,email_address,0.0,,
map_maintenance_window,font_family,0.0,,
read_recent_delivery_window,cached_access_token,0.0,,
encrypt_dns_record,search_result,0.0,,
get_migration_plan,local_dashboard_config,0.0,,
read_final_trend_series,feature_flag,0.0,,
parse_payment_status,proxy_config,0.0,,
extract_endpoint_url,cached_file_checksum,0.0,,
classify_task_status,daily_column_mapping,0.0,,
extract_onboarding_step,model_score,0.0,,
lookup_build_artifact,primary_retention_rate,0.0,,
resolve_default_change_request,draft_signed_url,0.0,,
check_container_image,product_catalog,0.0,,
get_webhook_event,active_cors_policy,0.0,,
calculate_access_token,active_product_feedback,0.0,,
find_cached_purchase_order,ipv6_address,0.0,,
retrieve_monthly_forecast_value,endpoint_url,0.0,,
filter_metric_series,product_feedback,0.0,,
merge_alert_rule,cart_total,0.0,,
list_feature_flag,file_metadata,0.0,,
format_identity_claim,schema_field,0.0,,
build_permission_set,retry_policy,0.0,,
hash_notification_rule,database_url,0.0,,
count_user_session,chat_message,0.0,,
filter_billing_address,metric_series,0.0,,
hash_inventory_level,active_maintenance_window,0.0,,
create_csv_row,order,0.0,,
sort_refund_request,user,0.0,,
flatten,staged_invoice,0.0,,
validate_session_cookie,secure_cohort_data,0.0,,
list_training_batch,rate_limit,0.0,,
retrieve_latest_ip_address,database_url,0.0,,
read_database_url,local_tracking_number,0.0,,
load_local_cors_policy,draft_usage_charge,0.0,,
sort_purchase_order,proxy_config,0.0,,
serialize_calendar_slot,audit_event,0.0,,
deserialize_identity_claim,invoice_total,0.0,,
get_warehouse_stock,encryption_key,0.0,,
resolve_daily_response_header,active_feature_request,0.0,,
fetch_chart_config,draft_build_artifact,0.0,,
check_worker_pool,default_product_feedback,0.0,,
hash_ocr_result,account_settings,0.0,,
deduplicate_sales_report,queue_message,0.0,,
fetch_cached_query_plan,encryption_key,0.0,,
find_segment_list,public_form_field,0.0,,
open_final_trend_series,retry_policy,0.0,,
convert_survey_response,order_items,0.0,,
extract_reply_draft,secure_socket_timeout,0.0,,
lookup_current_audio_chunk,recent_form_field,0.0,,
map_video_frame,final_tracking_number,0.0,,
deduplicate_request_body,remote_team_member,0.0,,
count_theme_color,latest_server_status,0.0,,
refresh_alert_rule,credit_limit,0.0,,
update_document_page,order,0.0,,
filter_help_article,monthly_retention_rate,0.0,,
normalize_payment_status,user_session,0.0,,
hash_rate_limit,primary_column_mapping,0.0,,
inspect_current_payment_method,help_article,0.0,,
read_latest_currency_code,forecast_value,0.0,,
retrieve_daily_document_page,active_security_alert,0.0,,
map_report_page,tracking_number,0.0,,
update_search_result,release_notes,0.0,,
fetch_proxy_url,latest_email_message,0.0,,
refresh_backup_archive,security_alert,0.0,,
normalize_network_packet,raw_ip_address,0.0,,
create_table_index,final_email_address,0.0,,
open_local_email_message,document_page,0.0,,
resolve_security_alert,active_invoice_total,0.0,,
lookup_event_count,runbook_step,0.0,,
list_task_status,cached_warehouse_stock,0.0,,
build_sha256_hash,recent_billing_address,0.0,,
read_secure_meeting_link,queue_message,0.0,,
merge_queue_message,local_dashboard_config,0.0,,
open_meeting_link,query_plan,0.0,,
resolve_currency_code,primary_http_request,0.0,,
read_draft_service_level,user,0.0,,
validate_product_feedback,recent_tax_rate,0.0,,
count_network_route,staged_service_config,0.0,,
build_consent_status,table_index,0.0,,
list_dns_record,credit_limit,0.0,,
inspect_draft_audio_chunk,default_network_route,0.0,,
count_data_frame,email_template,0.0,,
convert_file_checksum,ip_address,0.0,,
resolve_theme_color,account_settings,0.0,,
read_ip_address,product_feedback,0.0,,
validate_conversion_rate,connection_pool,0.0,,
format_product_catalog,proxy_config,0.0,,
calculate_product_catalog,pending_socket_timeout,0.0,,
calculate_schema_field,secure_delivery_window,0.0,,
get_csv_headers,secret_value,0.0,,
deduplicate_network_packet,calendar_slot,0.0,,
map_incident_ticket,media_duration,0.0,,
read_staged_support_case,dataset_split,0.0,,
validate_retention_rate,raw_fulfillment_status,0.0,,
check_rate_limit,csv_row,0.0,,
parse_http_response,order_items,0.0,,
resolve_daily_theme_color,secure_certificate_chain,0.0,,
serialize_invoice_total,http_response,0.0,,
count_webhook_event,tls_context,0.0,,
map_xml_document,login_attempt,0.0,,
normalize_subject_line,health_check,0.0,,
calculate_container_image,monthly_delivery_window,0.0,,
deserialize_api_key,retry_policy,0.0,,
filter_sales_report,firewall_rule,0.0,,
fetch_cached_tracking_number,monthly_account_settings,0.0,,
open_current_training_batch,inventory_level,0.0,,
validate_access_token,container_image,0.0,,
load_latest_report_page,webhook_event,0.0,,
filter_ipv6_address,sku_record,0.0,,
classify_push_token,pending_thumbnail_url,0.0,,
find_tls_context,access_scope,0.0,,
paginate,queue_message,0.0,,
find_raw_calendar_slot,column_mapping,0.0,,
normalize_phone_number,deployment_log,0.0,,
sort_release_notes,return_request,0.0,,
compile_fulfillment_status,notification_rule,0.0,,
decrypt_oauth_token,network_packet,0.0,,
load_report_page,local_shipping_label,0.0,,
get_public_team_member,thumbnail_url,0.0,,
resolve_incident_ticket,report_page,0.0,,
count_search_result,login_attempt,0.0,,
load_thumbnail_url,help_article,0.0,,
serialize_column_mapping,team_member,0.0,,
hash_price_quote,socket_timeout,0.0,,
map_http_response,invoice_line,0.0,,
convert_database_url,raw_data_frame,0.0,,
filter_dataset_split,draft_api_key,0.0,,
encrypt_user,active_service_level,0.0,,
lookup_active_account,incident_ticket,0.0,,
deduplicate_user,raw_server_status,0.0,,
serialize_maintenance_window,forecast_value,0.0,,
check_purchase_order,public_tenant_id,0.0,,
hash_calendar_slot,primary_audit_event,0.0,,
count_survey_response,funnel_stage,0.0,,
resolve_ip_address,subject_line,0.0,,
check_request_body,raw_tenant_id,0.0,,
map_team_member,recent_server_status,0.0,,
check_schema_field,user,0.0,,
list_image_asset,http_response,0.0,,
build_response_header,dashboard_config,0.0,,
inspect_security_alert,feature_request,0.0,,
check_response_header,payment_status,0.0,,
get_active_user_profile,primary_maintenance_window,0.0,,
find_public_webhook_event,invoice_line,0.0,,
read_warehouse_stock,staged_session_cookie,0.0,,
update_cart_total,raw_kpi_value,0.0,,
classify_event_count,local_product_catalog,0.0,,
resolve_recent_event_count,payment_method,0.0,,
sort_document_page,service_config,0.0,,
calculate_color_palette,fulfillment_status,0.0,,
map_image_asset,incident_ticket,0.0,,
resolve_final_feature_flag,threat_score,0.0,,
update_consent_status,recent_metric_series,0.0,,
lookup_notification_rule,current_deploy_plan,0.0,,
inspect_email_message,metric_summary,0.0,,
list_shipping_label,xml_document,0.0,,
load_latest_database_url,media_duration,0.0,,
count_role_assignment,current_request_body,0.0,,
normalize_refund_request,consent_status,0.0,,
encrypt_column_mapping,reply_draft,0.0,,
aggregate,primary_firewall_rule,0.0,,
list_health_check,active_login_attempt,0.0,,
get_login_attempt,payment_method,0.0,,
list_socket_timeout,pdf_text,0.0,,
resolve_segment_list,role_assignment,0.0,,
normalize_secret_value,form_field,0.0,,
check_email_message,daily_metric_series,0.0,,
open_tax_rate,default_text_embedding,0.0,,
classify_service_config,access_scope,0.0,,
load_dataset_split,feature_flag,0.0,,
format_webhook_event,local_csv_headers,0.0,,
map_theme_color,threat_score,0.0,,
sort_calendar_slot,login_attempt,0.0,,
map_ui_component,current_order,0.050321,,
parse_sku_record,port_number,0.050962,,
compile_ocr_result,usage_charge,0.051603,,
hash_document_page,public_product_feedback,0.052244,,
check_proxy_config,tls_context,0.052885,,
fetch_cache_entry,release_channel,0.053526,,
hash_meeting_link,recent_pdf_text,0.054167,,
map_training_batch,delivery_window,0.054808,,
validate_ip_address,metric_summary,0.055449,,
compile_change_request,media_duration,0.056090,,
update_shipping_label,rate_limit,0.056731,,
map_socket_timeout,ui_component,0.057372,,
convert_ui_component,media_duration,0.058013,,
validate_api_key,invoice_total,0.058654,,
list_metric_series,webhook_event,0.059295,,
get_password_reset,primary_xml_document,0.059936,,
decrypt_audio_chunk,database_url,0.060577,,
fetch_calendar_slot,recent_access_token,0.061218,,
resolve_cached_signed_url,task_status,0.061859,,
read_secure_audit_event,model_score,0.062500,,
load_model_score,queue_message,0.063141,,
map_thumbnail_url,monthly_request_body,0.063782,,
extract_form_field,raw_payment_method,0.064423,,
format_session_cookie,pending_webhook_event,0.065064,,
check_segment_list,account_settings,0.065705,,
calculate_survey_response,invoice_line,0.066346,,
slugify,team_member,0.066987,,
classify_notification_rule,warehouse_stock,0.067628,,
sort_cohort_data,ip_address,0.068269,,
lookup_secret_value,data_frame,0.068910,,
get_security_alert,cache_entry,0.069551,,
count_error_trace,cohort_data,0.070192,,
get_final_email_address,layout_config,0.070833,,
fetch_pending_socket_timeout,video_frame,0.071474,,
find_price_quote,workflow_state,0.072115,,
inspect_team_member,final_calendar_slot,0.072756,,
retrieve_draft_column_mapping,subscription_plan,0.073397,,
calculate_oauth_token,maintenance_window,0.074038,,
validate_maintenance_window,current_permission_set,0.074679,,
decrypt_access_scope,schema_field,0.075321,,
create_security_policy,dns_record,0.075962,,
compile_calendar_slot,forecast_value,0.076603,,
find_remote_security_policy,recent_feature_request,0.077244,,
list_port_number,text_embedding,0.077885,,
build_port_number,daily_xml_document,0.078526,,
compile_metric_series,daily_tracking_number,0.079167,,
resolve_public_email_template,event_count,0.079808,,
get_cached_funnel_stage,account,0.080449,,
encrypt_refund_request,primary_video_frame,0.081090,,
validate_order,current_access_scope,0.081731,,
list_color_palette,staged_task_status,0.082372,,
open_product_catalog,primary_build_artifact,0.083013,,
lookup_audio_chunk,database_url,0.083654,,
refresh_email_template,draft_login_attempt,0.084295,,
deduplicate_login_attempt,trend_series,0.084936,,
summarize,login_attempt,0.085577,,
convert_inventory_level,monthly_deploy_plan,0.086218,,
inspect_remote_warehouse_stock,sha256_hash,0.086859,,
convert_access_scope,active_experiment_result,0.087500,,
decrypt_layout_config,sku_record,0.088141,,
normalize_help_article,remote_identity_claim,0.088782,,
resolve_raw_payment_status,public_csv_headers,0.089423,,
lookup_secure_calendar_slot,raw_dataset_split,0.090064,,
lookup_cohort_data,alert_rule,0.090705,,
validate_dashboard_config,cached_feature_request,0.091346,,
inspect_phone_number,raw_onboarding_step,0.091987,,
scan_media_duration,product_catalog,0.092628,,
load_team_member,connection_pool,0.093269,,
serialize_notification_rule,file_metadata,0.093910,,
scan_conversion_rate,endpoint_url,0.094551,,
fetch_staged_user_session,local_fulfillment_status,0.095192,,
count_runbook_step,recent_kpi_value,0.095833,,
refresh_ocr_result,latest_email_template,0.096474,,
serialize_ui_component,usage_charge,0.097115,,
build_json_payload,account,0.097756,,
retrieve_change_request,data_frame,0.098397,,
update_ipv6_address,api_key,0.099038,,
map_retry_policy,threat_score,0.099679,,
provision,approval_status,0.100321,,
resolve_server_status,final_support_case,0.100962,,
map_event_count,media_duration,0.101603,,
build_email_address,security_policy,0.102244,,
serialize_password_reset,remote_sha256_hash,0.102885,,
encrypt_log_record,cors_policy,0.103526,,
create_login_attempt,local_certificate_chain,0.104167,,
compile_cohort_data,file_metadata,0.104808,,
find_user_profile,audit_event,0.105449,,
check_secret_value,phone_number,0.106090,,
authorize,user_session,0.106731,,
build_runbook_step,cache_entry,0.107372,,
retrieve_latest_runbook_step,public_connection_pool,0.108013,,
inspect_credit_limit,sku_record,0.108654,,
fetch_currency_code,local_fulfillment_status,0.109295,,
sort_proxy_config,user_session,0.109936,,
open_dns_record,health_check,0.110577,,
validate_secret_value,phone_number,0.111218,,
list_document_page,event_count,0.111859,,
decrypt_user,active_signed_url,0.112500,,
convert_trend_series,staged_text_embedding,0.113141,,
inspect_active_product_catalog,daily_invoice_line,0.113782,,
format_socket_timeout,recent_feature_flag,0.114423,,
open_final_audit_event,latest_user_profile,0.115064,,
find_draft_firewall_rule,final_access_token,0.115705,,
scan_consent_status,local_recipient_list,0.116346,,
scan_rate_limit,workflow_state,0.116987,,
check_conversion_rate,document_page,0.117628,,
sign,cached_user_session,0.118269,,
build_ipv6_address,release_notes,0.118910,,
retrieve_account,signed_url,0.119551,,
filter_build_artifact,ipv6_address,0.120192,,
get_recent_metric_summary,table_index,0.120833,,
lookup_certificate_chain,tenant_id,0.121474,,
check_approval_status,public_port_number,0.122115,,
lookup_server_status,current_runbook_step,0.122756,,
encrypt_kpi_value,remote_model_score,0.123397,,
hash_request_body,current_rate_limit,0.124038,,
find_remote_subscription_plan,warehouse_stock,0.124679,,
resolve_raw_chart_config,final_image_size,0.125321,,
load_pending_sha256_hash,user_session,0.125962,,
map_password_reset,certificate_chain,0.126603,,
count_column_mapping,staged_video_frame,0.127244,,
refresh_signed_url,api_key,0.127885,,
update_order,secure_payment_method,0.128526,,
load_local_inventory_level,primary_tax_rate,0.129167,,
validate_theme_color,active_email_template,0.129808,,
inspect_table_index,event_count,0.130449,,
lookup_pending_metric_series,proxy_url,0.131090,,
verify,login_attempt,0.131731,,
filter_sku_record,payment_status,0.132372,,
check_ipv6_address,staged_build_artifact,0.133013,,
list_layout_config,final_subject_line,0.133654,,
parse_tax_rate,latest_product_catalog,0.134295,,
retrieve_sku_record,staged_credit_limit,0.134936,,
find_order_items,price_quote,0.135577,,
deserialize_deploy_plan,public_port_number,0.136218,,
map_workflow_state,default_request_body,0.136859,,
resolve_backup_archive,error_trace,0.137500,,
read_help_article,calendar_slot,0.138141,,
fetch_pdf_text,draft_experiment_result,0.138782,,
refresh_language_code,anomaly_score,0.139423,,
get_image_size,csv_row,0.140064,,
build_order_items,price_quote,0.140705,,
build_invoice_line,pending_delivery_window,0.141346,,
refresh_image_size,json_payload,0.141987,,
resolve_pending_build_artifact,network_packet,0.142628,,
filter_discount_rule,latest_tracking_number,0.143269,,
extract_api_key,secure_secret_value,0.143910,,
calculate_ipv6_address,container_image,0.144551,,
hash_delivery_window,recent_subscription_plan,0.145192,,
convert_email_template,cached_navigation_item,0.145833,,
scan_purchase_order,payment_method,0.146474,,
validate_worker_pool,active_http_response,0.147115,,
check_csv_row,segment_list,0.147756,,
read_local_incident_ticket,public_error_trace,0.148397,,
classify_database_url,cached_deployment_log,0.149038,,
validate_color_palette,primary_event_count,0.149679,,
validate_service_level,public_deployment_log,0.150321,,
map_encryption_key,access_scope,0.150962,,
list_delivery_window,shipping_label,0.151603,,
compile_conversion_rate,segment_list,0.152244,,
filter_request_body,staged_response_header,0.152885,,
format_queue_message,public_alert_rule,0.153526,,
validate_meeting_link,secure_recipient_list,0.154167,,
read_secret_value,sha256_hash,0.154808,,
convert_log_record,health_check,0.155449,,
encrypt_build_artifact,staged_health_check,0.156090,,
extract_push_token,email_message,0.156731,,
refresh_tls_context,response_header,0.157372,,
calculate_access_scope,active_audit_event,0.158013,,
hash_alert_rule,queue_message,0.158654,,
create_subject_line,recipient_list,0.159295,,
create_order_items,warehouse_stock,0.159936,,
deduplicate_anomaly_score,trend_series,0.160577,,
deserialize_connection_pool,response_header,0.161218,,
lookup_thumbnail_url,image_asset,0.161859,,
count_dataset_split,xml_document,0.162500,,
build_service_level,migration_plan,0.163141,,
get_data_frame,dataset_split,0.163782,,
convert_sales_report,kpi_value,0.164423,,
extract_ocr_result,recent_font_family,0.165064,,
map_csv_headers,search_result,0.165705,,
extract_text_embedding,csv_headers,0.166346,,
open_monthly_refund_request,tax_rate,0.166987,,
check_form_field,release_channel,0.167628,,
get_active_product_catalog,active_fulfillment_status,0.168269,,
inspect_active_sku_record,current_delivery_window,0.168910,,
count_feature_flag,server_status,0.169551,,
warmup,container_image,0.170192,,
merge_email_template,active_subject_line,0.170833,,
compile_incident_ticket,approval_status,0.171474,,
check_session_cookie,account,0.172115,,
parse_image_asset,video_frame,0.172756,,
serialize_backup_archive,workflow_state,0.173397,,
validate_credit_limit,currency_code,0.174038,,
open_backup_archive,draft_service_level,0.174679,,
hash_queue_message,job_result,0.175321,,
count_model_score,file_metadata,0.175962,,
map_dataset_split,model_score,0.176603,,
deduplicate_cors_policy,default_dns_record,0.177244,,
find_schema_field,recent_search_result,0.177885,,
load_language_code,primary_search_result,0.178526,,
map_forecast_value,retention_rate,0.179167,,
scan_error_trace,worker_pool,0.179808,,
merge_team_member,access_token,0.180449,,
hash_conversion_rate,public_event_count,0.181090,,
deduplicate_proxy_url,pending_port_number,0.181731,,
refresh_dns_record,cors_policy,0.182372,,
scan_login_attempt,api_key,0.183013,,
extract_invoice_total,daily_payment_status,0.183654,,
check_report_page,current_file_metadata,0.184295,,
check_socket_timeout,http_response,0.184936,,
convert_user_session,phone_number,0.185577,,
retrieve_raw_shipping_label,sku_record,0.186218,,
list_user_profile,daily_tenant_id,0.186859,,
retrieve_event_count,funnel_stage,0.187500,,
count_consent_status,navigation_item,0.188141,,
list_reply_draft,chat_message,0.188782,,
deserialize_fulfillment_status,final_product_catalog,0.189423,,
parse_user_session,current_tenant_id,0.190064,,
refresh_purchase_order,recent_delivery_window,0.190705,,
decrypt_incident_ticket,deployment_log,0.191346,,
refresh_refund_request,monthly_invoice,0.191987,,
update_permission_set,password_reset,0.192628,,
read_default_secret_value,access_scope,0.193269,,
get_cached_retry_policy,rate_limit,0.193910,,
compile_login_attempt,team_member,0.194551,,
open_phone_number,pending_team_member,0.195192,,
list_backup_archive,change_request,0.195833,,
open_cached_request_body,response_header,0.196474,,
extract_database_url,default_health_check,0.197115,,
calculate_file_checksum,color_palette,0.197756,,
read_local_oauth_token,account,0.198397,,
retrieve_invoice_total,price_quote,0.199038,,
check_subject_line,active_message_thread,0.199679,,
resolve_daily_document_page,document_status,0.200321,,
refresh_training_batch,training_type,0.200962,,
retrieve_primary_push_token,push_state,0.201603,,
filter_audio_chunk,audio_state,0.202244,,
parse_onboarding_step,onboarding_id,0.202885,,
normalize_csv_headers,csv_state,0.203526,,
convert_document_page,document_page_type,0.204167,,
resolve_public_shipping_label,shipping_label_type,0.204808,,
inspect_pending_chat_message,chat_status,0.205449,,
retrieve_current_chart_config,chart_config_id,0.206090,,
map_tracking_number,tracking_state,0.206731,,
update_email_address,email_status,0.207372,,
sort_endpoint_url,endpoint_status,0.208013,,
merge_return_request,return_request_status,0.208654,,
check_health_check,health_check_type,0.209295,,
validate_video_frame,video_frame_type,0.209936,,
calculate_sha256_hash,sha256_status,0.210577,,
check_experiment_result,experiment_status,0.211218,,
validate_access_scope,access_id,0.211859,,
classify_oauth_token,oauth_token_status,0.212500,,
validate_search_result,search_result_status,0.213141,,
scan_connection_pool,connection_type,0.213782,,
resolve_ocr_result,ocr_id,0.214423,,
encrypt_error_trace,error_trace_type,0.215064,,
validate_navigation_item,navigation_item_state,0.215705,,
retrieve_security_alert,security_state,0.216346,,
validate_message_thread,message_thread_status,0.216987,,
find_identity_claim,identity_claim_id,0.217628,,
decrypt_push_token,push_token_type,0.218269,,
load_warehouse_stock,warehouse_stock_state,0.218910,,
retrieve_latest_usage_charge,usage_charge_state,0.219551,,
fetch_form_field,form_field_type,0.220192,,
lookup_pending_calendar_slot,calendar_slot_state,0.220833,,
convert_media_duration,media_id,0.221474,,
check_user_profile,user_status,0.222115,,
read_local_encryption_key,encryption_state,0.222756,,
validate_document_page,document_state,0.223397,,
scan_proxy_url,proxy_type,0.224038,,
classify_tracking_number,tracking_number_status,0.224679,,
extract_audit_event,audit_event_state,0.225321,,
fetch_email_message,email_message_status,0.225962,,
count_rate_limit,rate_type,0.226603,,
find_daily_signed_url,signed_state,0.227244,,
read_file_checksum,file_checksum_id,0.227885,,
deduplicate_currency_code,currency_code_state,0.228526,,
retrieve_trend_series,trend_id,0.229167,,
fetch_recent_permission_set,permission_set_id,0.229808,,
retrieve_raw_subject_line,subject_id,0.230449,,
format_release_channel,release_channel_status,0.231090,,
update_email_template,email_type,0.231731,,
check_metric_summary,metric_type,0.232372,,
calculate_trend_series,trend_type,0.233013,,
calculate_pdf_text,pdf_text_state,0.233654,,
count_payment_status,payment_id,0.234295,,
check_sha256_hash,sha256_hash_id,0.234936,,
normalize_currency_code,currency_code_id,0.235577,,
get_staged_port_number,port_id,0.236218,,
serialize_invoice,invoice_state,0.236859,,
convert_tenant_id,tenant_id,0.237500,,
sort_media_duration,media_duration_state,0.238141,,
fetch_draft_payment_status,payment_status_status,0.238782,,
inspect_primary_feature_request,feature_request_status,0.239423,,
normalize_warehouse_stock,warehouse_type,0.240064,,
read_request_body,request_body_status,0.240705,,
filter_session_cookie,session_cookie_state,0.241346,,
open_daily_ipv6_address,ipv6_address_type,0.241987,,
extract_migration_plan,migration_state,0.242628,,
scan_discount_rule,discount_rule_state,0.243269,,
lookup_tax_rate,tax_rate_status,0.243910,,
validate_cache_entry,cache_entry_type,0.244551,,
inspect_secure_table_index,table_status,0.245192,,
validate_retry_policy,retry_type,0.245833,,
decrypt_order,order_items,0.246474,,
sort_cache_entry,cache_entry_type,0.247115,,
validate_tax_rate,tax_id,0.247756,,
open_primary_api_key,api_status,0.248397,,
check_ocr_result,ocr_id,0.249038,,
calculate_account_settings,account_settings_type,0.249679,,
decrypt_network_route,network_details,0.250321,,
hash_maintenance_window,maintenance_metadata,0.250962,,
check_font_family,font_summary,0.251603,,
check_funnel_stage,funnel_data,0.252244,,
refresh_media_duration,media_duration_data,0.252885,,
parse_retention_rate,retention_data,0.253526,,
lint,code_details,0.254167,,
convert_schema_field,schema_metadata,0.254808,,
fetch_subject_line,subject_line_details,0.255449,,
list_order_items,order_items_metadata,0.256090,,
scan_queue_message,queue_summary,0.256731,,
hash_json_payload,json_details,0.257372,,
format_feature_flag,feature_data,0.258013,,
validate_container_image,container_data,0.258654,,
validate_invoice_line,invoice,0.259295,,
create_payment_status,payment_data,0.259936,,
parse_return_request,return_details,0.260577,,
scan_delivery_window,delivery_window_metadata,0.261218,,
validate_job_result,job_result_details,0.261859,,
find_monthly_product_catalog,product_catalog_data,0.262500,,
normalize_language_code,language_code_data,0.263141,,
validate_backup_archive,backup_archive_details,0.263782,,
convert_job_result,job_result_summary,0.264423,,
extract_order_items,order_items_metadata,0.265064,,
create_retry_policy,retry_data,0.265705,,
classify_calendar_slot,calendar_summary,0.266346,,
read_currency_code,currency_code_data,0.266987,,
resolve_service_config,service_config_metadata,0.267628,,
resolve_final_server_status,server_status_metadata,0.268269,,
check_csv_headers,csv_metadata,0.268910,,
scan_event_count,event_summary,0.269551,,
convert_cors_policy,cors_policy_summary,0.270192,,
filter_tenant_id,tenant_details,0.270833,,
calculate_metric_series,metric_series_summary,0.271474,,
load_raw_retention_rate,retention_rate_summary,0.272115,,
load_cart_total,cart_metadata,0.272756,,
list_login_attempt,login_attempt_summary,0.273397,,
open_consent_status,consent_status_metadata,0.274038,,
compile_retry_policy,retry_details,0.274679,,
merge_retry_policy,retry_details,0.275321,,
create_job_result,job_result_summary,0.275962,,
find_latest_change_request,change_request_metadata,0.276603,,
merge_response_header,response_metadata,0.277244,,
count_task_status,task_status_summary,0.277885,,
count_endpoint_url,endpoint_url_data,0.278526,,
inspect_discount_rule,discount_rule_metadata,0.279167,,
retrieve_monthly_permission_set,permission_metadata,0.279808,,
serialize_funnel_stage,funnel_stage_data,0.280449,,
check_support_case,support_summary,0.281090,,
open_socket_timeout,socket_timeout_summary,0.281731,,
compress,file_checksum,0.282372,,
inspect_ip_address,ip_address_metadata,0.283013,,
index,search_summary,0.283654,,
serialize_price_quote,price_quote_data,0.284295,,
extract_sales_report,sales_report_metadata,0.284936,,
count_experiment_result,experiment_metadata,0.285577,,
retrieve_delivery_window,delivery_metadata,0.286218,,
extract_identity_claim,identity_details,0.286859,,
validate_user,user_details,0.287500,,
serialize_task_status,task_status_summary,0.288141,,
validate_build_artifact,build_metadata,0.288782,,
parse_invoice,invoice_metadata,0.289423,,
retrieve_form_field,form_field_details,0.290064,,
validate_login_attempt,login_data,0.290705,,
check_language_code,language_code_details,0.291346,,
validate_inventory_level,inventory_level_data,0.291987,,
decrypt_data_frame,data_frame_metadata,0.292628,,
check_retry_policy,retry_summary,0.293269,,
retrieve_conversion_rate,conversion_data,0.293910,,
resolve_response_header,response_header_details,0.294551,,
load_trend_series,trend_series_summary,0.295192,,
serialize_delivery_window,delivery_summary,0.295833,,
map_role_assignment,role_data,0.296474,,
normalize_network_route,network_data,0.297115,,
retrieve_raw_form_field,form_field_summary,0.297756,,
open_account_settings,account_data,0.298397,,
check_shipping_label,shipping_data,0.299038,,
check_log_record,log_record_summary,0.299679,,
open_primary_column_mapping,column_mapping_list,0.300321,,
sort_column_mapping,column_mapping_count,0.300962,,
retrieve_email_template,email_template_count,0.301603,,
check_http_request,http_request_status,0.302244,,
retrieve_deployment_log,deployment_log_count,0.302885,,
merge_security_policy,security_policy_summary,0.303526,,
create_build_artifact,build_artifact_count,0.304167,,
load_approval_status,approval_status_count,0.304808,,
inspect_release_channel,release_channel_list,0.305449,,
normalize_meeting_link,meeting_link_list,0.306090,,
deduplicate_support_case,support_case_list,0.306731,,
list_return_request,return_request_count,0.307372,,
check_calendar_slot,calendar_slot_status,0.308013,,
find_local_reply_draft,reply_draft_count,0.308654,,
get_draft_metric_summary,metric_summary_list,0.309295,,
count_cors_policy,cors_policy,0.309936,,
parse_inventory_level,inventory_level_list,0.310577,,
decrypt_runbook_step,runbook_step_summary,0.311218,,
hash_container_image,container_image_summary,0.311859,,
read_login_attempt,login_attempt_count,0.312500,,
check_help_article,help_article_status,0.313141,,
merge_sales_report,sales_report_summary,0.313782,,
validate_invoice_total,invoice_total_status,0.314423,,
encrypt_team_member,team_member_count,0.315064,,
calculate_password_reset,password_reset_summary,0.315705,,
fetch_primary_access_scope,access_scope_list,0.316346,,
filter_security_policy,security_policy_summary,0.316987,,
encrypt_meeting_link,meeting_link_summary,0.317628,,
count_return_request,return_request,0.318269,,
update_sku_record,sku_record_summary,0.318910,,
hash_health_check,health_check_summary,0.319551,,
inspect_container_image,container_image_summary,0.320192,,
hash_form_field,form_field_summary,0.320833,,
validate_survey_response,survey_response_status,0.321474,,
list_credit_limit,credit_limit_count,0.322115,,
encrypt_cache_entry,cache_entry_count,0.322756,,
read_data_frame,data_frame_list,0.323397,,
hash_data_frame,data_frame_summary,0.324038,,
format_payment_method,payment_method_count,0.324679,,
classify_dns_record,dns_record_count,0.325321,,
build_backup_archive,backup_archive_count,0.325962,,
validate_identity_claim,identity_claim_status,0.326603,,
map_network_packet,network_packet_count,0.327244,,
count_request_body,request_body,0.327885,,
check_column_mapping,column_mapping_status,0.328526,,
create_feature_flag,feature_flag_summary,0.329167,,
create_secret_value,secret_value_list,0.329808,,
count_response_header,response_header,0.330449,,
list_segment_list,segment_list_count,0.331090,,
check_invoice_total,invoice_total_status,0.331731,,
hash_threat_score,threat_score_count,0.332372,,
schedule,job_id_count,0.333013,,
build_security_alert,security_alert_summary,0.333654,,
scan_identity_claim,identity_claim_list,0.334295,,
compile_model_score,model_score_summary,0.334936,,
check_deployment_log,deployment_log_status,0.335577,,
extract_release_notes,release_notes_list,0.336218,,
filter_email_address,email_address_count,0.336859,,
extract_billing_address,billing_address_list,0.337500,,
count_usage_charge,usage_charge,0.338141,,
format_invoice_total,invoice_total_count,0.338782,,
sort_log_record,log_record_summary,0.339423,,
build_font_family,font_family_list,0.340064,,
fetch_local_experiment_result,experiment_result_count,0.340705,,
find_service_config,service_config_count,0.341346,,
lookup_price_quote,price_quote_summary,0.341987,,
compile_image_size,image_size_summary,0.342628,,
sort_user_profile,user_profile_count,0.343269,,
resolve_delivery_window,delivery_window_summary,0.343910,,
list_media_duration,media_duration_count,0.344551,,
inspect_local_ip_address,ip_address_count,0.345192,,
get_message_thread,message_thread_count,0.345833,,
validate_segment_list,segment_list_status,0.346474,,
build_metric_summary,metric_summary_count,0.347115,,
resolve_active_deployment_log,deployment_log_summary,0.347756,,
build_proxy_url,proxy_url_summary,0.348397,,
calculate_audio_chunk,audio_chunk_count,0.349038,,
deserialize_usage_charge,usage_charge_list,0.349679,,
check_tax_rate,active_tax_rate,0.350321,,
scan_password_reset,monthly_password_reset,0.350962,,
scan_firewall_rule,default_firewall_rule,0.351603,,
load_workflow_state,default_workflow_state,0.352244,,
resolve_pending_proxy_config,draft_proxy_config,0.352885,,
find_chart_config,cached_chart_config,0.353526,,
normalize_tax_rate,current_tax_rate,0.354167,,
list_threat_score,secure_threat_score,0.354808,,
open_support_case,monthly_support_case,0.355449,,
map_health_check,staged_health_check,0.356090,,
create_error_trace,latest_error_trace,0.356731,,
read_cached_usage_charge,public_usage_charge,0.357372,,
open_draft_password_reset,remote_password_reset,0.358013,,
format_database_url,daily_database_url,0.358654,,
open_tracking_number,primary_tracking_number,0.359295,,
validate_price_quote,cached_price_quote,0.359936,,
convert_refund_request,current_refund_request,0.360577,,
sort_xml_document,staged_xml_document,0.361218,,
hash_user,recent_user,0.361859,,
filter_user,monthly_user,0.362500,,
resolve_consent_status,local_consent_status,0.363141,,
retrieve_column_mapping,primary_column_mapping,0.363782,,
normalize_approval_status,final_approval_status,0.364423,,
classify_support_case,remote_support_case,0.365064,,
encrypt_metric_series,secure_metric_series,0.365705,,
map_approval_status,default_approval_status,0.366346,,
deduplicate_recipient_list,remote_recipient_list,0.366987,,
deserialize_return_request,public_return_request,0.367628,,
deduplicate_log_record,staged_log_record,0.368269,,
hash_change_request,cached_change_request,0.368910,,
validate_release_channel,raw_release_channel,0.369551,,
unzip,staged_archive_files,0.370192,,
read_public_email_address,local_email_address,0.370833,,
get_pending_invoice_total,monthly_invoice_total,0.371474,,
deserialize_sku_record,latest_sku_record,0.372115,,
map_document_page,primary_document_page,0.372756,,
check_ui_component,raw_ui_component,0.373397,,
open_image_size,active_image_size,0.374038,,
create_tracking_number,daily_tracking_number,0.374679,,
decrypt_tenant_id,active_tenant_id,0.375321,,
count_incident_ticket,active_incident_ticket,0.375962,,
deserialize_calendar_slot,remote_calendar_slot,0.376603,,
get_dashboard_config,primary_dashboard_config,0.377244,,
filter_release_channel,daily_release_channel,0.377885,,
list_help_article,default_help_article,0.378526,,
load_latest_help_article,staged_help_article,0.379167,,
encrypt_chart_config,remote_chart_config,0.379808,,
map_chat_message,local_chat_message,0.380449,,
serialize_forecast_value,public_forecast_value,0.381090,,
validate_tracking_number,default_tracking_number,0.381731,,
build_column_mapping,pending_column_mapping,0.382372,,
get_socket_timeout,default_socket_timeout,0.383013,,
scan_experiment_result,remote_experiment_result,0.383654,,
build_segment_list,secure_segment_list,0.384295,,
retrieve_task_status,latest_task_status,0.384936,,
fetch_recent_server_status,active_server_status,0.385577,,
encrypt_access_scope,active_access_scope,0.386218,,
format_survey_response,primary_survey_response,0.386859,,
serialize_job_result,pending_job_result,0.387500,,
retrieve_remote_dashboard_config,staged_dashboard_config,0.388141,,
open_cached_price_quote,latest_price_quote,0.388782,,
find_local_webhook_event,latest_webhook_event,0.389423,,
validate_rate_limit,raw_rate_limit,0.390064,,
parse_column_mapping,cached_column_mapping,0.390705,,
check_account_settings,raw_account_settings,0.391346,,
encrypt_text_embedding,primary_text_embedding,0.391987,,
build_payment_method,draft_payment_method,0.392628,,
refresh_endpoint_url,local_endpoint_url,0.393269,,
serialize_audio_chunk,raw_audio_chunk,0.393910,,
validate_user_session,default_user_session,0.394551,,
parse_build_artifact,draft_build_artifact,0.395192,,
deduplicate_notification_rule,raw_notification_rule,0.395833,,
validate_purchase_order,active_purchase_order,0.396474,,
scan_tracking_number,cached_tracking_number,0.397115,,
parse_payment_method,recent_payment_method,0.397756,,
fetch_port_number,recent_port_number,0.398397,,
open_workflow_state,monthly_workflow_state,0.399038,,
validate_oauth_token,local_oauth_token,0.399679,,
decrypt_report_page,report_path,0.400321,,
read_primary_text_embedding,text_url,0.400962,,
deserialize_release_channel,release_path,0.401603,,
compile_delivery_window,delivery_window_path,0.402244,,
deduplicate_ui_component,ui_hash,0.402885,,
create_socket_timeout,socket_version,0.403526,,
merge_audio_chunk,audio_path,0.404167,,
find_remote_inventory_level,inventory_version,0.404808,,
check_cache_entry,cache_entry_hash,0.405449,,
deduplicate_audit_event,audit_event_url,0.406090,,
merge_api_key,api_key_path,0.406731,,
inspect_email_template,email_template_path,0.407372,,
get_layout_config,layout_config_path,0.408013,,
check_query_plan,query_plan_version,0.408654,,
deduplicate_security_policy,security_policy_url,0.409295,,
load_chat_message,chat_message_hash,0.409936,,
map_security_policy,security_policy_url,0.410577,,
hash_oauth_token,oauth_token_path,0.411218,,
deduplicate_layout_config,layout_hash,0.411859,,
find_latest_approval_status,approval_version,0.412500,,
calculate_rate_limit,rate_hash,0.413141,,
list_anomaly_score,anomaly_score_hash,0.413782,,
merge_payment_status,payment_method,0.414423,,
build_image_asset,image_asset_version,0.415064,,
check_permission_set,permission_hash,0.415705,,
serialize_layout_config,layout_path,0.416346,,
check_server_status,server_status_path,0.416987,,
inspect_file_metadata,file_metadata_url,0.417628,,
deserialize_language_code,language_version,0.418269,,
fetch_recent_payment_status,payment_status_version,0.418910,,
sort_layout_config,layout_hash,0.419551,,
build_product_catalog,product_catalog_path,0.420192,,
read_task_status,task_status_version,0.420833,,
hash_team_member,team_path,0.421474,,
create_change_request,change_hash,0.422115,,
find_current_migration_plan,migration_url,0.422756,,
sort_signed_url,signed_url,0.423397,,
classify_column_mapping,column_mapping_url,0.424038,,
open_default_job_result,job_result_path,0.424679,,
find_staged_proxy_url,proxy_url,0.425321,,
find_file_checksum,file_checksum_url,0.425962,,
update_image_asset,image_asset_hash,0.426603,,
deserialize_order_items,order_items_hash,0.427244,,
build_purchase_order,purchase_hash,0.427885,,
load_cached_error_trace,error_hash,0.428526,,
scan_http_response,http_path,0.429167,,
inspect_dns_record,dns_record_url,0.429808,,
sort_login_attempt,login_path,0.430449,,
get_primary_file_checksum,file_checksum_hash,0.431090,,
find_secret_value,secret_path,0.431731,,
validate_connection_pool,connection_pool_version,0.432372,,
open_active_feature_flag,feature_flag_url,0.433013,,
format_color_palette,color_path,0.433654,,
check_document_page,document_page_version,0.434295,,
retrieve_dns_record,dns_version,0.434936,,
classify_subject_line,subject_line_version,0.435577,,
load_api_key,api_key_hash,0.436218,,
scan_funnel_stage,funnel_hash,0.436859,,
format_image_asset,image_asset_url,0.437500,,
list_dashboard_config,dashboard_config_url,0.438141,,
load_monthly_purchase_order,purchase_hash,0.438782,,
check_xml_document,xml_document_hash,0.439423,,
create_tls_context,tls_hash,0.440064,,
resolve_permission_set,permission_path,0.440705,,
map_webhook_event,webhook_event_path,0.441346,,
format_onboarding_step,onboarding_step_version,0.441987,,
fetch_draft_conversion_rate,conversion_rate_version,0.442628,,
map_task_status,task_url,0.443269,,
format_maintenance_window,maintenance_hash,0.443910,,
convert_column_mapping,column_mapping_path,0.444551,,
find_secure_job_result,job_result_version,0.445192,,
sort_backup_archive,backup_version,0.445833,,
list_access_scope,access_scope_hash,0.446474,,
find_local_worker_pool,worker_pool_hash,0.447115,,
find_remote_access_scope,access_version,0.447756,,
decrypt_security_alert,security_alert_version,0.448397,,
find_worker_pool,worker_path,0.449038,,
hash_access_token,access_version,0.449679,,
filter_xml_document,xml_document_metadata,0.450321,,
find_cart_total,cart_summary,0.450962,,
count_dns_record,dns_value,0.451603,,
lookup_primary_secret_value,secret_value,0.452244,,
serialize_product_feedback,product_feedback_summary,0.452885,,
check_cohort_data,cohort_value,0.453526,,
count_login_attempt,login_attempt_value,0.454167,,
merge_currency_code,currency_value,0.454808,,
check_task_status,task_metadata,0.455449,,
compile_push_token,push_summary,0.456090,,
check_connection_pool,connection_summary,0.456731,,
deduplicate_subject_line,subject_metadata,0.457372,,
load_draft_anomaly_score,anomaly_value,0.458013,,
scan_reply_draft,reply_draft_summary,0.458654,,
lookup_ocr_result,ocr_result_summary,0.459295,,
encode,raw_value,0.459936,,
count_layout_config,layout_metadata,0.460577,,
get_default_maintenance_window,maintenance_summary,0.461218,,
deserialize_request_body,request_body_summary,0.461859,,
open_proxy_config,proxy_summary,0.462500,,
parse_trend_series,trend_series_summary,0.463141,,
update_migration_plan,migration_plan_summary,0.463782,,
fetch_incident_ticket,incident_summary,0.464423,,
load_local_retention_rate,retention_summary,0.465064,,
count_pdf_text,pdf_text_metadata,0.465705,,
retrieve_session_cookie,session_value,0.466346,,
resolve_staged_user,user_summary,0.466987,,
map_survey_response,survey_response_summary,0.467628,,
fetch_remote_font_family,font_value,0.468269,,
hash_port_number,port_metadata,0.468910,,
decrypt_notification_rule,notification_metadata,0.469551,,
fetch_discount_rule,discount_rule_value,0.470192,,
normalize_email_address,email_value,0.470833,,
get_active_maintenance_window,maintenance_window_summary,0.471474,,
classify_experiment_result,experiment_value,0.472115,,
calculate_http_response,http_value,0.472756,,
resolve_invoice_line,invoice_line_value,0.473397,,
count_schema_field,schema_field_metadata,0.474038,,
open_remote_threat_score,threat_metadata,0.474679,,
extract_shipping_label,shipping_label_value,0.475321,,
check_port_number,port_summary,0.475962,,
fetch_file_checksum,file_checksum_value,0.476603,,
dedupe,data_value,0.477244,,
get_color_palette,color_metadata,0.477885,,
calculate_discount_rule,discount_rule_value,0.478526,,
compile_experiment_result,experiment_summary,0.479167,,
create_fulfillment_status,fulfillment_status_metadata,0.479808,,
build_thumbnail_url,thumbnail_url_metadata,0.480449,,
create_deploy_plan,deploy_summary,0.481090,,
resolve_security_policy,security_policy_metadata,0.481731,,
encrypt_cors_policy,cors_policy_metadata,0.482372,,
check_account,account_value,0.483013,,
deserialize_credit_limit,credit_limit_summary,0.483654,,
build_firewall_rule,firewall_value,0.484295,,
read_security_alert,security_metadata,0.484936,,
classify_query_plan,query_plan_value,0.485577,,
load_draft_session_cookie,session_summary,0.486218,,
inspect_pending_cart_total,cart_total_value,0.486859,,
check_proxy_url,proxy_value,0.487500,,
find_font_family,font_family_metadata,0.488141,,
format_dataset_split,dataset_value,0.488782,,
count_server_status,server_summary,0.489423,,
convert_email_message,email_message_summary,0.490064,,
load_secure_feature_flag,feature_value,0.490705,,
normalize_tenant_id,tenant_id_value,0.491346,,
serialize_subscription_plan,subscription_value,0.491987,,
check_pdf_text,pdf_text_value,0.492628,,
compile_runbook_step,runbook_step_value,0.493269,,
resolve_meeting_link,meeting_summary,0.493910,,
list_api_key,api_key_value,0.494551,,
classify_help_article,help_metadata,0.495192,,
check_identity_claim,identity_summary,0.495833,,
resolve_payment_status,payment_value,0.496474,,
calculate_recipient_list,recipient_list_summary,0.497115,,
convert_email_address,email_address_metadata,0.497756,,
read_kpi_value,kpi_value_metadata,0.498397,,
format_delivery_window,delivery_summary,0.499038,,
serialize_deployment_log,deployment_log_summary,0.499679,,
map_usage_charge,usage_charge_map_data,0.500321,,
map_price_quote,price_quote_map_data,0.500962,,
inspect_email_address,email_address_data,0.501603,,
update_proxy_url,proxy_url,0.502244,,
resolve_thumbnail_url,thumbnail_url_data,0.502885,,
sort_role_assignment,role_assignment,0.503526,,
encrypt_conversion_rate,conversion_rate,0.504167,,
sort_user,user,0.504808,,
deduplicate_change_request,unique_change_request_data,0.505449,,
calculate_log_record,log_record_data,0.506090,,
lookup_maintenance_window,maintenance_window_data,0.506731,,
classify_access_token,access_token,0.507372,,
resolve_staged_billing_address,billing_address,0.508013,,
sort_ip_address,ip_address,0.508654,,
extract_certificate_chain,certificate_chain,0.509295,,
validate_firewall_rule,firewall_rule_data,0.509936,,
normalize_delivery_window,delivery_window,0.510577,,
create_release_notes,new_release_notes_data,0.511218,,
scan_cors_policy,cors_policy,0.511859,,
build_proxy_config,proxy_config_data,0.512500,,
serialize_experiment_result,experiment_result,0.513141,,
serialize_team_member,team_member,0.513782,,
parse_table_index,table_index,0.514423,,
compile_role_assignment,role_assignment,0.515064,,
normalize_anomaly_score,anomaly_score,0.515705,,
check_http_response,http_response_data,0.516346,,
decrypt_chat_message,chat_message,0.516987,,
inspect_active_price_quote,price_quote,0.517628,,
build_pdf_text,pdf_text_data,0.518269,,
deserialize_cors_policy,cors_policy,0.518910,,
read_image_asset,image_asset_data,0.519551,,
merge_http_request,http_request,0.520192,,
fetch_staged_cache_entry,cache_entry,0.520833,,
find_raw_oauth_token,oauth_token,0.521474,,
normalize_chart_config,chart_config,0.522115,,
find_dashboard_config,dashboard_config_data,0.522756,,
build_discount_rule,discount_rule_data,0.523397,,
check_chart_config,chart_config_details,0.524038,,
resolve_navigation_item,navigation_item_data,0.524679,,
list_data_frame,data_frame_list_data,0.525321,,
open_report_page,report_page_data,0.525962,,
inspect_latest_chart_config,chart_config,0.526603,,
create_schema_field,new_schema_field_data,0.527244,,
scan_chat_message,chat_message,0.527885,,
sort_threat_score,threat_score,0.528526,,
read_cached_kpi_value,kpi_value,0.529167,,
compile_queue_message,queue_message,0.529808,,
map_dashboard_config,dashboard_config_map_data,0.530449,,
encrypt_audit_event,audit_event,0.531090,,
extract_metric_series,metric_series,0.531731,,
normalize_image_asset,image_asset,0.532372,,
count_invoice_line,invoice_line_count_data,0.533013,,
get_order_items,order_items_data,0.533654,,
retrieve_ui_component,ui_component_data,0.534295,,
lookup_conversion_rate,conversion_rate_data,0.534936,,
resolve_pending_job_result,job_result,0.535577,,
build_dns_record,dns_record_data,0.536218,,
retrieve_default_kpi_value,kpi_value,0.536859,,
deduplicate_job_result,unique_job_result_data,0.537500,,
hash_retry_policy,retry_policy_hash_data,0.538141,,
inspect_rate_limit,rate_limit_data,0.538782,,
redact,safe_text_data,0.539423,,
validate_warehouse_stock,warehouse_metadata,0.540064,,
lookup_primary_http_response,http_response,0.540705,,
deduplicate_conversion_rate,unique_conversion_rate_data,0.541346,,
get_product_catalog,product_catalog_data,0.541987,,
list_role_assignment,role_assignment_list_data,0.542628,,
read_endpoint_url,endpoint_url_data,0.543269,,
create_certificate_chain,new_certificate_chain_data,0.543910,,
retrieve_pending_login_attempt,login_attempt,0.544551,,
load_recent_access_token,access_token,0.545192,,
calculate_service_level,service_level_data,0.545833,,
merge_session_cookie,session_cookie,0.546474,,
open_layout_config,layout_config_data,0.547115,,
validate_task_status,task_details,0.547756,,
hash_metric_series,metric_series_hash_data,0.548397,,
filter_socket_timeout,socket_timeout,0.549038,,
compile_order_items,order_items,0.549679,,
find_session_cookie,recent_session_cookie,0.550321,,
compile_column_mapping,recent_column_mapping,0.550962,,
retrieve_draft_signed_url,recent_signed_url,0.551603,,
refresh_sales_report,recent_sales_report,0.552244,,
fetch_retry_policy,recent_retry_policy,0.552885,,
lookup_current_query_plan,request_plan,0.553526,,
list_calendar_slot,recent_calendar_slot,0.554167,,
resolve_session_cookie,recent_session_cookie,0.554808,,
decrypt_workflow_state,workflow_status,0.555449,,
inspect_current_product_feedback,recent_product_feedback,0.556090,,
validate_anomaly_score,recent_anomaly_score,0.556731,,
validate_subscription_plan,recent_subscription_plan,0.557372,,
retrieve_staged_dns_record,dns_entry,0.558013,,
hash_release_channel,recent_release_channel,0.558654,,
load_retention_rate,recent_retention_rate,0.559295,,
calculate_cohort_data,cohort_payload,0.559936,,
sort_dataset_split,recent_dataset_split,0.560577,,
calculate_currency_code,recent_currency_code,0.561218,,
lookup_staged_inventory_level,recent_inventory_level,0.561859,,
load_local_task_status,job_status,0.562500,,
list_migration_plan,recent_migration_plan,0.563141,,
classify_retention_rate,recent_retention_rate,0.563782,,
build_csv_headers,recent_csv_headers,0.564423,,
count_json_payload,json_body,0.565064,,
format_price_quote,recent_price_quote,0.565705,,
fetch_event_count,recent_event_count,0.566346,,
deduplicate_api_key,service_key,0.566987,,
build_shipping_label,recent_shipping_label,0.567628,,
fetch_monthly_account,profile,0.568269,,
map_data_frame,payload_frame,0.568910,,
extract_sku_record,sku_entry,0.569551,,
count_certificate_chain,recent_certificate_chain,0.570192,,
list_endpoint_url,recent_endpoint_url,0.570833,,
calculate_push_token,push_credential,0.571474,,
get_experiment_result,recent_experiment_result,0.572115,,
refresh_event_count,recent_event_count,0.572756,,
count_user,member,0.573397,,
map_service_level,api_level,0.574038,,
check_meeting_link,recent_meeting_link,0.574679,,
validate_payment_method,recent_payment_method,0.575321,,
hash_message_thread,payload_thread,0.575962,,
normalize_firewall_rule,recent_firewall_rule,0.576603,,
lookup_table_index,recent_table_index,0.577244,,
list_change_request,change_query,0.577885,,
load_primary_segment_list,recent_segment_list,0.578526,,
validate_threat_score,recent_threat_score,0.579167,,
update_data_frame,payload_frame,0.579808,,
get_credit_limit,recent_credit_limit,0.580449,,
decrypt_csv_headers,recent_csv_headers,0.581090,,
build_account,profile,0.581731,,
deduplicate_subscription_plan,recent_subscription_plan,0.582372,,
merge_webhook_event,recent_webhook_event,0.583013,,
create_http_response,http_reply,0.583654,,
calculate_column_mapping,recent_column_mapping,0.584295,,
load_current_reply_draft,response_draft,0.584936,,
compile_tls_context,recent_tls_context,0.585577,,
inspect_daily_deployment_log,recent_deployment_log,0.586218,,
read_latest_feature_request,feature_query,0.586859,,
format_json_payload,json_body,0.587500,,
classify_document_page,file_page,0.588141,,
normalize_sales_report,recent_sales_report,0.588782,,
validate_signed_url,recent_signed_url,0.589423,,
check_user_session,member_session,0.590064,,
build_currency_code,recent_currency_code,0.590705,,
classify_color_palette,recent_color_palette,0.591346,,
inspect_session_cookie,recent_session_cookie,0.591987,,
sort_experiment_result,recent_experiment_result,0.592628,,
map_push_token,push_credential,0.593269,,
scan_database_url,recent_database_url,0.593910,,
load_public_text_embedding,recent_text_embedding,0.594551,,
fetch_dns_record,dns_entry,0.595192,,
hydrate,payload_object,0.595833,,
refresh_conversion_rate,recent_conversion_rate,0.596474,,
compile_account,profile,0.597115,,
open_public_cors_policy,recent_cors_policy,0.597756,,
encrypt_table_index,recent_table_index,0.598397,,
list_survey_response,survey_reply,0.599038,,
map_feature_request,feature_query,0.599679,,
open_build_artifact,recent_build_artifact,0.600321,,
decrypt_metric_summary,decrypted_kpi_summary,0.600962,,
read_primary_http_response,primary_http_reply,0.601603,,
check_migration_plan,migration_plan_is_value,0.602244,,
scan_subscription_plan,raw_scanned_subscription_plan,0.602885,,
inspect_anomaly_score,recent_anomaly_score,0.603526,,
open_refund_request,refund_query,0.604167,,
create_cache_entry,new_store_entry,0.604808,,
check_subscription_plan,subscription_plan_is_value,0.605449,,
update_survey_response,updated_survey_reply,0.606090,,
list_service_level,api_level_list,0.606731,,
load_latest_color_palette,default_color_palette,0.607372,,
classify_audit_event,raw_classified_audit_event,0.608013,,
update_session_cookie,raw_updated_session_cookie,0.608654,,
inspect_public_csv_headers,default_csv_headers,0.609295,,
check_service_level,api_level_is_ready,0.609936,,
decrypt_feature_flag,raw_decrypted_feature_flag,0.610577,,
find_monthly_inventory_level,default_inventory_level,0.611218,,
deduplicate_trend_series,recent_unique_trend_series,0.611859,,
hash_experiment_result,recent_experiment_result_hash,0.612500,,
deduplicate_kpi_value,unique_metric_value,0.613141,,
map_access_scope,recent_access_scope_map,0.613782,,
map_product_catalog,recent_product_catalog_map,0.614423,,
hash_order_items,purchase_items_hash,0.615064,,
load_release_channel,recent_release_channel,0.615705,,
load_remote_dns_record,remote_dns_entry,0.616346,,
serialize_table_index,raw_serialized_table_index,0.616987,,
classify_response_header,classified_reply_header,0.617628,,
encrypt_experiment_result,raw_encrypted_experiment_result,0.618269,,
inspect_pending_queue_message,pending_queue_payload,0.618910,,
create_encryption_key,recent_new_encryption_key,0.619551,,
hash_discount_rule,recent_discount_rule_hash,0.620192,,
check_forecast_value,forecast_value_is_value,0.620833,,
read_final_inventory_level,default_inventory_level,0.621474,,
deserialize_dataset_split,raw_deserialized_dataset_split,0.622115,,
list_schema_field,recent_schema_field_list,0.622756,,
extract_conversion_rate,raw_extracted_conversion_rate,0.623397,,
lookup_sales_report,recent_sales_report,0.624038,,
refresh_ipv6_address,refreshed_ipv6_location,0.624679,,
count_meeting_link,recent_meeting_link_count,0.625321,,
encrypt_anomaly_score,raw_encrypted_anomaly_score,0.625962,,
filter_cart_total,raw_filtered_cart_total,0.626603,,
refresh_tracking_number,raw_refreshed_tracking_number,0.627244,,
list_deploy_plan,recent_deploy_plan_list,0.627885,,
check_maintenance_window,maintenance_window_is_value,0.628526,,
fetch_role_assignment,permission_assignment,0.629167,,
decrypt_fulfillment_status,decrypted_fulfillment_state,0.629808,,
scan_inventory_level,raw_scanned_inventory_level,0.630449,,
load_user_profile,member_profile,0.631090,,
convert_feature_request,converted_feature_query,0.631731,,
refresh_file_metadata,refreshed_document_metadata,0.632372,,
calculate_ui_component,recent_ui_component,0.633013,,
decrypt_release_channel,raw_decrypted_release_channel,0.633654,,
build_release_channel,recent_release_channel,0.634295,,
scan_dashboard_config,scanned_dashboard_settings,0.634936,,
get_search_result,recent_search_result,0.635577,,
sort_chat_message,sorted_chat_payload,0.636218,,
inspect_pending_conversion_rate,default_conversion_rate,0.636859,,
deduplicate_threat_score,recent_unique_threat_score,0.637500,,
decrypt_ipv6_address,decrypted_ipv6_location,0.638141,,
inspect_consent_status,consent_state,0.638782,,
extract_product_catalog,raw_extracted_product_catalog,0.639423,,
convert_audit_event,raw_converted_audit_event,0.640064,,
lookup_secure_workflow_state,secure_workflow_status,0.640705,,
check_layout_config,layout_settings_is_ready,0.641346,,
validate_feature_request,is_feature_query_valid,0.641987,,
hash_refund_request,refund_query_hash,0.642628,,
calculate_image_asset,recent_image_asset,0.643269,,
map_model_score,recent_model_score_map,0.643910,,
inspect_product_feedback,recent_product_feedback,0.644551,,
find_encryption_key,recent_encryption_key,0.645192,,
validate_tenant_id,is_tenant_id_value,0.645833,,
parse_layout_config,parsed_layout_settings,0.646474,,
read_password_reset,recent_password_reset,0.647115,,
find_default_deployment_log,draft_deployment_log,0.647756,,
hash_feature_request,feature_query_hash,0.648397,,
check_security_policy,security_policy_is_value,0.649038,,
load_public_change_request,public_change_query,0.649679,,
merge_maintenance_window,public_maintenance_window,0.650321,,
resolve_push_token,final_push_token,0.650962,,
calculate_xml_document,public_xml_document,0.651603,,
check_image_asset,image_status,0.652244,,
create_metric_series,secure_new_metric_series,0.652885,,
update_request_body,primary_updated_request_body,0.653526,,
encrypt_product_feedback,remote_encrypted_product_feedback,0.654167,,
normalize_role_assignment,final_normalized_role_assignment,0.654808,,
deduplicate_pdf_text,secure_unique_pdf_text,0.655449,,
parse_session_cookie,cached_parsed_session_cookie,0.656090,,
read_api_key,latest_api_key,0.656731,,
lookup_default_container_image,final_container_image,0.657372,,
update_xml_document,default_xml_document,0.658013,,
build_usage_charge,primary_usage_charge,0.658654,,
list_dataset_split,remote_dataset_split_list,0.659295,,
normalize_incident_ticket,default_normalized_incident_ticket,0.659936,,
open_product_feedback,daily_product_feedback,0.660577,,
sort_email_template,daily_sorted_email_template,0.661218,,
filter_workflow_state,final_workflow_state,0.661859,,
map_reply_draft,remote_reply_draft_map,0.662500,,
format_release_notes,draft_formatted_release_notes,0.663141,,
format_user_profile,recent_user_profile,0.663782,,
list_user,primary_user_list,0.664423,,
lookup_reply_draft,monthly_reply_draft,0.665064,,
decrypt_connection_pool,monthly_connection_pool,0.665705,,
build_queue_message,primary_queue_message,0.666346,,
resolve_credit_limit,cached_credit_limit,0.666987,,
load_latest_subject_line,daily_subject_line,0.667628,,
parse_csv_row,local_csv_row,0.668269,,
list_kpi_value,default_kpi_value_list,0.668910,,
filter_encryption_key,secure_encryption_key,0.669551,,
map_fulfillment_status,default_fulfillment_status_map,0.670192,,
classify_network_packet,active_classified_network_packet,0.670833,,
retrieve_alert_rule,default_alert_rule,0.671474,,
create_ipv6_address,monthly_new_ipv6_address,0.672115,,
parse_segment_list,staged_parsed_segment_list,0.672756,,
encrypt_xml_document,staged_xml_document,0.673397,,
calculate_usage_charge,daily_usage_charge,0.674038,,
parse_product_catalog,draft_product_catalog,0.674679,,
get_team_member,active_team_member,0.675321,,
resolve_final_invoice_line,monthly_invoice_line,0.675962,,
update_endpoint_url,final_endpoint_url,0.676603,,
load_image_size,draft_image_size,0.677244,,
inspect_default_socket_timeout,current_socket_timeout,0.677885,,
create_approval_status,raw_new_approval_status,0.678526,,
scan_message_thread,raw_message_thread,0.679167,,
inspect_account_settings,daily_account_settings,0.679808,,
parse_credit_limit,staged_credit_limit,0.680449,,
map_account,primary_account_map,0.681090,,
extract_funnel_stage,primary_extracted_funnel_stage,0.681731,,
lookup_sku_record,current_sku_record,0.682372,,
check_feature_request,feature_request_is_url,0.683013,,
format_anomaly_score,pending_formatted_anomaly_score,0.683654,,
classify_payment_status,final_payment_status,0.684295,,
merge_access_token,active_merged_access_token,0.684936,,
deduplicate_release_notes,staged_unique_release_notes,0.685577,,
deduplicate_tracking_number,default_unique_tracking_number,0.686218,,
map_permission_set,monthly_permission_set_map,0.686859,,
load_daily_database_url,active_database_url,0.687500,,
find_public_language_code,final_public_language_code,0.688141,,
read_account,secure_account,0.688782,,
build_cohort_data,monthly_cohort_data,0.689423,,
update_discount_rule,local_updated_discount_rule,0.690064,,
create_sku_record,recent_new_sku_record,0.690705,,
check_certificate_chain,certificate_chain_is_status,0.691346,,
read_theme_color,pending_theme_color,0.691987,,
scan_help_article,remote_scanned_help_article,0.692628,,
hash_currency_code,primary_currency_code_hash,0.693269,,
build_onboarding_step,secure_onboarding_step,0.693910,,
inspect_cached_endpoint_url,primary_cached_endpoint_url,0.694551,,
resolve_help_article,local_help_article,0.695192,,
create_csv_headers,raw_new_csv_headers,0.695833,,
deserialize_schema_field,latest_schema_field,0.696474,,
map_backup_archive,active_backup_archive_map,0.697115,,
get_monthly_access_token,recent_monthly_access_token,0.697756,,
update_tenant_id,secure_updated_tenant_id,0.698397,,
fetch_proxy_config,local_proxy_config,0.699038,,
retrieve_cached_event_count,daily_event_count,0.699679,,
get_draft_deploy_plan,deploy_plan,0.700321,,
read_approval_status,approval_status_data,0.700962,,
build_data_frame,data_frame_data,0.701603,,
sort_text_embedding,text_embedding,0.702244,,
retrieve_runbook_step,runbook_step_data,0.702885,,
deduplicate_security_alert,unique_security_alert_data,0.703526,,
get_secure_survey_response,survey_response,0.704167,,
calculate_font_family,font_family_data,0.704808,,
inspect_raw_network_packet,network_packet,0.705449,,
normalize_chat_message,chat_message,0.706090,,
inspect_conversion_rate,conversion_rate_data,0.706731,,
read_audit_event,audit_event_data,0.707372,,
decrypt_shipping_label,shipping_label,0.708013,,
load_cohort_data,cohort_data_data,0.708654,,
list_password_reset,password_reset_list_data,0.709295,,
read_billing_address,billing_address_data,0.709936,,
read_draft_deployment_log,deployment_log,0.710577,,
load_fulfillment_status,fulfillment_status_data,0.711218,,
build_metric_series,metric_series_data,0.711859,,
find_monthly_approval_status,approval_status,0.712500,,
build_security_policy,security_policy_data,0.713141,,
hash_http_request,http_request_hash_data,0.713782,,
list_approval_status,approval_status_list_data,0.714423,,
deserialize_trend_series,trend_series,0.715064,,
hash_return_request,return_request_hash_data,0.715705,,
update_ui_component,ui_component,0.716346,,
inspect_thumbnail_url,thumbnail_url_data,0.716987,,
calculate_deploy_plan,deploy_plan_data,0.717628,,
normalize_document_page,document_page,0.718269,,
scan_order,order,0.718910,,
calculate_consent_status,consent_status_data,0.719551,,
extract_session_cookie,session_cookie,0.720192,,
deduplicate_warehouse_stock,unique_warehouse_stock_data,0.720833,,
retrieve_cohort_data,cohort_data_data,0.721474,,
validate_alert_rule,alert_rule_data,0.722115,,
synchronize,sync_state_data,0.722756,,
list_team_member,team_member_list_data,0.723397,,
update_dataset_split,dataset_split,0.724038,,
decrypt_phone_number,phone_number,0.724679,,
classify_conversion_rate,conversion_rate,0.725321,,
resolve_kpi_value,kpi_value_data,0.725962,,
merge_metric_series,metric_series,0.726603,,
refresh_csv_headers,csv_headers,0.727244,,
read_user_profile,user_profile_data,0.727885,,
sort_search_result,search_result,0.728526,,
count_payment_method,payment_method_count_data,0.729167,,
retrieve_backup_archive,backup_archive_data,0.729808,,
refresh_fulfillment_status,fulfillment_status,0.730449,,
format_signed_url,signed_url,0.731090,,
validate_refund_request,refund_metadata,0.731731,,
sort_video_frame,video_frame,0.732372,,
parse_training_batch,training_batch,0.733013,,
validate_cors_policy,cors_metadata,0.733654,,
find_notification_rule,notification_rule_data,0.734295,,
find_audit_event,audit_event_data,0.734936,,
deserialize_service_config,service_config,0.735577,,
validate_support_case,support_case_metadata,0.736218,,
calculate_invoice_total,invoice_total_data,0.736859,,
build_layout_config,layout_config_data,0.737500,,
serialize_runbook_step,runbook_step,0.738141,,
format_security_policy,security_policy,0.738782,,
inspect_staged_request_body,request_body,0.739423,,
calculate_onboarding_step,onboarding_step_data,0.740064,,
lookup_public_dashboard_config,dashboard_config,0.740705,,
get_active_json_payload,json_payload,0.741346,,
lookup_subscription_plan,subscription_plan_data,0.741987,,
lookup_media_duration,media_duration_data,0.742628,,
convert_billing_address,billing_address,0.743269,,
read_daily_onboarding_step,onboarding_step,0.743910,,
normalize_worker_pool,worker_pool,0.744551,,
resolve_anomaly_score,anomaly_score_data,0.745192,,
deserialize_delivery_window,delivery_window,0.745833,,
retrieve_kpi_value,kpi_value_data,0.746474,,
load_latest_encryption_key,encryption_key,0.747115,,
retrieve_raw_report_page,report_page,0.747756,,
decrypt_trend_series,trend_series,0.748397,,
archive,backup_file_data,0.749038,,
merge_http_response,http_response,0.749679,,
scan_security_policy,security_policy_scanned,0.750325,,
count_access_token,count_access_token,0.750974,,
get_form_field,form_field_value,0.751623,,
classify_account_settings,account_settings_classified,0.752273,,
update_approval_status,approval_status_updated,0.752922,,
calculate_notification_rule,notification_rule_value,0.753571,,
inspect_ipv6_address,ipv6_address_value,0.754221,,
refresh_deploy_plan,deploy_plan_refreshed,0.754870,,
scan_kpi_value,kpi_value_scanned,0.755519,,
create_report_page,new_report_page_value,0.756169,,
read_purchase_order,purchase_order_value,0.756818,,
sort_incident_ticket,incident_ticket_sorted,0.757468,,
serialize_ocr_result,ocr_result_serialized,0.758117,,
fetch_audit_event,audit_event_value,0.758766,,
classify_permission_set,permission_set_classified,0.759416,,
create_color_palette,new_color_palette_value,0.760065,,
list_workflow_state,workflow_state_list_value,0.760714,,
validate_permission_set,permission_set_is_valid,0.761364,,
open_primary_discount_rule,primary_discount_rule_value,0.762013,,
open_cached_segment_list,cached_segment_list_value,0.762662,,
check_invoice,is_invoice_ready,0.763312,,
list_cache_entry,cache_entry_list_value,0.763961,,
inspect_connection_pool,connection_pool_value,0.764610,,
load_video_frame,video_frame_value,0.765260,,
serialize_push_token,push_token_serialized,0.765909,,
convert_maintenance_window,maintenance_window_converted,0.766558,,
hash_anomaly_score,anomaly_score_hash_value,0.767208,,
get_default_help_article,default_help_article_value,0.767857,,
get_remote_discount_rule,remote_discount_rule_value,0.768506,,
lookup_current_webhook_event,current_webhook_event_value,0.769156,,
get_tracking_number,tracking_number_value,0.769805,,
validate_consent_status,consent_status_is_valid,0.770455,,
decrypt_csv_row,csv_row_decrypted,0.771104,,
lookup_error_trace,error_trace_value,0.771753,,
hash_trend_series,trend_series_hash_value,0.772403,,
decrypt_forecast_value,forecast_value_decrypted,0.773052,,
decrypt_ip_address,ip_address_decrypted,0.773701,,
map_identity_claim,identity_claim_map_value,0.774351,,
extract_sha256_hash,sha256_hash_extracted,0.775000,,
inspect_primary_oauth_token,primary_oauth_token_value,0.775649,,
sort_maintenance_window,maintenance_window_sorted,0.776299,,
refresh_retention_rate,retention_rate_refreshed,0.776948,,
format_chart_config,chart_config_formatted,0.777597,,
scan_file_metadata,file_metadata_scanned,0.778247,,
merge_permission_set,permission_set_merged,0.778896,,
load_default_cohort_data,default_cohort_data_value,0.779545,,
inspect_backup_archive,backup_archive_value,0.780195,,
list_query_plan,query_plan_list_value,0.780844,,
validate_user_profile,user_profile_is_valid,0.781494,,
lookup_image_size,image_size_value,0.782143,,
hash_chat_message,chat_message_hash_value,0.782792,,
check_encryption_key,is_encryption_key_ready,0.783442,,
encrypt_payment_status,payment_status_encrypted,0.784091,,
retrieve_phone_number,phone_number_value,0.784740,,
scan_deploy_plan,deploy_plan_scanned,0.785390,,
build_csv_row,csv_row_value,0.786039,,
build_payment_status,payment_status_value,0.786688,,
filter_connection_pool,connection_pool_filtered,0.787338,,
check_error_trace,is_error_trace_ready,0.787987,,
build_email_message,email_message_value,0.788636,,
list_audit_event,audit_event_list_value,0.789286,,
resolve_daily_csv_headers,daily_csv_headers_value,0.789935,,
hash_image_asset,image_asset_hash_value,0.790584,,
inspect_trend_series,trend_series_value,0.791234,,
open_container_image,container_image_value,0.791883,,
merge_pdf_text,pdf_text_merged,0.792532,,
hash_consent_status,consent_status_hash_value,0.793182,,
retrieve_migration_plan,migration_plan_value,0.793831,,
load_draft_table_index,draft_table_index_value,0.794481,,
filter_usage_charge,usage_charge_filtered,0.795130,,
build_price_quote,price_quote_value,0.795779,,
format_form_field,form_field_formatted,0.796429,,
filter_theme_color,theme_color_filtered,0.797078,,
sort_message_thread,message_thread_sorted,0.797727,,
lookup_oauth_token,oauth_token_value,0.798377,,
serialize_data_frame,data_frame_serialized,0.799026,,
list_form_field,form_field_list_value,0.799675,,
get_consent_status,consent_state,0.800325,,
encrypt_onboarding_step,raw_encrypted_onboarding_step,0.800974,,
compile_account_settings,compiled_profile_settings,0.801623,,
find_threat_score,recent_threat_score,0.802273,,
get_meeting_link,recent_meeting_link,0.802922,,
open_migration_plan,recent_migration_plan,0.803571,,
classify_sha256_hash,raw_classified_sha256_hash,0.804221,,
merge_ui_component,raw_merged_ui_component,0.804870,,
read_raw_chat_message,raw_chat_payload,0.805519,,
merge_text_embedding,raw_merged_text_embedding,0.806169,,
get_dataset_split,recent_dataset_split,0.806818,,
count_fulfillment_status,fulfillment_state_count,0.807468,,
sort_request_body,sorted_query_body,0.808117,,
refresh_incident_ticket,raw_refreshed_incident_ticket,0.808766,,
filter_login_attempt,raw_filtered_login_attempt,0.809416,,
map_job_result,task_result_map,0.810065,,
build_phone_number,recent_phone_number,0.810714,,
read_public_experiment_result,default_experiment_result,0.811364,,
inspect_draft_task_status,draft_job_status,0.812013,,
serialize_order_items,serialized_purchase_items,0.812662,,
lookup_cart_total,recent_cart_total,0.813312,,
format_phone_number,raw_formatted_phone_number,0.813961,,
refresh_cohort_data,refreshed_cohort_payload,0.814610,,
calculate_support_case,recent_support_case,0.815260,,
hash_connection_pool,recent_connection_pool_hash,0.815909,,
map_threat_score,recent_threat_score_map,0.816558,,
build_message_thread,payload_thread,0.817208,,
read_remote_proxy_url,default_proxy_url,0.817857,,
retrieve_feature_request,feature_query,0.818506,,
list_http_request,http_query_list,0.819156,,
build_signed_url,recent_signed_url,0.819805,,
inspect_security_policy,recent_security_policy,0.820455,,
map_json_payload,json_body_map,0.821104,,
count_deployment_log,recent_deployment_log_count,0.821753,,
compile_database_url,raw_compiled_database_url,0.822403,,
decrypt_table_index,raw_decrypted_table_index,0.823052,,
get_staged_migration_plan,default_migration_plan,0.823701,,
fetch_pending_team_member,pending_group_member,0.824351,,
read_subject_line,recent_subject_line,0.825000,,
check_push_token,push_credential_is_ready,0.825649,,
calculate_metric_summary,kpi_summary,0.826299,,
count_encryption_key,recent_encryption_key_count,0.826948,,
merge_cors_policy,raw_merged_cors_policy,0.827597,,
open_public_access_scope,default_access_scope,0.828247,,
create_connection_pool,recent_new_connection_pool,0.828896,,
hash_cors_policy,recent_cors_policy_hash,0.829545,,
validate_deploy_plan,is_deploy_plan_value,0.830195,,
retrieve_secure_account,secure_profile,0.830844,,
normalize_release_channel,raw_normalized_release_channel,0.831494,,
retrieve_recipient_list,recent_recipient_list,0.832143,,
get_final_help_article,default_help_article,0.832792,,
calculate_delivery_window,recent_delivery_window,0.833442,,
deduplicate_metric_series,unique_kpi_series,0.834091,,
inspect_release_notes,recent_release_notes,0.834740,,
compile_search_result,raw_compiled_search_result,0.835390,,
format_schema_field,raw_formatted_schema_field,0.836039,,
fetch_pending_tracking_number,default_tracking_number,0.836688,,
map_inventory_level,recent_inventory_level_map,0.837338,,
create_support_case,recent_new_support_case,0.837987,,
find_column_mapping,recent_column_mapping,0.838636,,
read_public_ipv6_address,public_ipv6_location,0.839286,,
encrypt_email_address,encrypted_mail_address,0.839935,,
refresh_data_frame,refreshed_payload_frame,0.840584,,
fetch_active_segment_list,draft_segment_list,0.841234,,
build_invoice_total,recent_invoice_total,0.841883,,
read_model_score,recent_model_score,0.842532,,
find_deployment_log,recent_deployment_log,0.843182,,
deserialize_security_policy,raw_deserialized_security_policy,0.843831,,
refresh_invoice_total,raw_refreshed_invoice_total,0.844481,,
decode,body,0.845130,,
deploy,recent_release_id,0.845779,,
check_training_batch,training_batch_is_hash,0.846429,,
parse_connection_pool,raw_parsed_connection_pool,0.847078,,
inspect_webhook_event,recent_webhook_event,0.847727,,
validate_security_policy,is_security_policy_value,0.848377,,
thumbnail,recent_preview_image,0.849026,,
load_remote_report_page,default_report_page,0.849675,,
merge_document_page,document_page_merged,0.850325,,
inspect_secure_migration_plan,secure_migration_plan_value,0.850974,,
convert_server_status,server_status_converted,0.851623,,
resolve_latest_access_scope,latest_access_scope_value,0.852273,,
count_audit_event,count_audit_event,0.852922,,
resolve_local_release_channel,local_release_channel_value,0.853571,,
update_usage_charge,usage_charge_updated,0.854221,,
count_file_checksum,count_file_checksum,0.854870,,
minify,bundle_value,0.855519,,
create_navigation_item,new_navigation_item_value,0.856169,,
encrypt_media_duration,media_duration_encrypted,0.856818,,
format_subject_line,subject_line_formatted,0.857468,,
filter_error_trace,error_trace_filtered,0.858117,,
extract_firewall_rule,firewall_rule_extracted,0.858766,,
check_ip_address,is_ip_address_ready,0.859416,,
lookup_refund_request,refund_request_value,0.860065,,
filter_segment_list,segment_list_filtered,0.860714,,
find_usage_charge,usage_charge_value,0.861364,,
encrypt_account,account_encrypted,0.862013,,
read_consent_status,consent_status_value,0.862662,,
parse_user_profile,user_profile_parsed,0.863312,,
count_change_request,count_change_request,0.863961,,
load_container_image,container_image_value,0.864610,,
count_segment_list,count_segment_list,0.865260,,
lookup_chart_config,chart_config_value,0.865909,,
retrieve_monthly_invoice,monthly_invoice_value,0.866558,,
parse_thumbnail_url,thumbnail_url_parsed,0.867208,,
deduplicate_incident_ticket,unique_incident_ticket_value,0.867857,,
update_json_payload,json_payload_updated,0.868506,,
calculate_security_alert,security_alert_value,0.869156,,
map_support_case,support_case_map_value,0.869805,,
format_alert_rule,alert_rule_formatted,0.870455,,
validate_email_address,email_address_is_valid,0.871104,,
extract_cache_entry,cache_entry_extracted,0.871753,,
compile_cache_entry,cache_entry_compiled,0.872403,,
list_signed_url,signed_url_list_value,0.873052,,
format_notification_rule,notification_rule_formatted,0.873701,,
open_role_assignment,role_assignment_value,0.874351,,
inspect_primary_container_image,primary_container_image_value,0.875000,,
read_pending_forecast_value,pending_forecast_value_value,0.875649,,
calculate_calendar_slot,calendar_slot_value,0.876299,,
get_workflow_state,workflow_state_value,0.876948,,
build_text_embedding,text_embedding_value,0.877597,,
resolve_search_result,search_result_value,0.878247,,
load_billing_address,billing_address_value,0.878896,,
resolve_staged_payment_status,staged_payment_status_value,0.879545,,
lookup_email_address,email_address_value,0.880195,,
check_dns_record,is_dns_record_ready,0.880844,,
lookup_theme_color,theme_color_value,0.881494,,
update_product_catalog,product_catalog_updated,0.882143,,
convert_connection_pool,connection_pool_converted,0.882792,,
refresh_invoice,invoice_refreshed,0.883442,,
tokenize,tokens_value,0.884091,,
create_credit_limit,new_credit_limit_value,0.884740,,
convert_json_payload,json_payload_converted,0.885390,,
create_font_family,new_font_family_value,0.886039,,
decrypt_sha256_hash,sha256_hash_decrypted,0.886688,,
load_recipient_list,recipient_list_value,0.887338,,
check_table_index,is_table_index_ready,0.887987,,
merge_change_request,change_request_merged,0.888636,,
resolve_daily_navigation_item,daily_navigation_item_value,0.889286,,
list_account,account_list_value,0.889935,,
filter_shipping_label,shipping_label_filtered,0.890584,,
check_fulfillment_status,is_fulfillment_status_ready,0.891234,,
encrypt_webhook_event,webhook_event_encrypted,0.891883,,
build_credit_limit,credit_limit_value,0.892532,,
map_media_duration,media_duration_map_value,0.893182,,
decrypt_email_message,email_message_decrypted,0.893831,,
parse_pdf_text,pdf_text_parsed,0.894481,,
inspect_final_schema_field,final_schema_field_value,0.895130,,
encrypt_proxy_config,proxy_config_encrypted,0.895779,,
build_notification_rule,notification_rule_value,0.896429,,
serialize_chat_message,chat_message_serialized,0.897078,,
count_csv_headers,count_csv_headers,0.897727,,
format_layout_config,layout_config_formatted,0.898377,,
resolve_recent_retry_policy,recent_retry_policy_value,0.899026,,
hash_cache_entry,cache_entry_hash_value,0.899675,,
update_navigation_item,navigation_item_updated,0.900325,,
fetch_active_chart_config,active_chart_config_value,0.900974,,
build_incident_ticket,incident_ticket_value,0.901623,,
hash_ipv6_address,ipv6_address_hash_value,0.902273,,
check_audio_chunk,is_audio_chunk_ready,0.902922,,
cache,cache_key_value,0.903571,,
calculate_runbook_step,runbook_step_value,0.904221,,
deserialize_product_catalog,product_catalog_deserialized,0.904870,,
update_file_checksum,file_checksum_updated,0.905519,,
retrieve_proxy_url,proxy_url_value,0.906169,,
scan_secret_value,secret_value_scanned,0.906818,,
calculate_document_page,document_page_value,0.907468,,
load_ocr_result,ocr_result_value,0.908117,,
deserialize_workflow_state,workflow_state_deserialized,0.908766,,
resolve_default_report_page,default_report_page_value,0.909416,,
fetch_inventory_level,inventory_level_value,0.910065,,
read_language_code,language_code_value,0.910714,,
lookup_local_funnel_stage,local_funnel_stage_value,0.911364,,
deduplicate_identity_claim,unique_identity_claim_value,0.912013,,
encrypt_connection_pool,connection_pool_encrypted,0.912662,,
list_json_payload,json_payload_list_value,0.913312,,
load_draft_cors_policy,draft_cors_policy_value,0.913961,,
build_worker_pool,worker_pool_value,0.914610,,
parse_maintenance_window,maintenance_window_parsed,0.915260,,
check_cart_total,is_cart_total_ready,0.915909,,
authenticate,identity_value,0.916558,,
compile_trend_series,trend_series_compiled,0.917208,,
hash_sales_report,sales_report_hash_value,0.917857,,
classify_trend_series,trend_series_classified,0.918506,,
inspect_text_embedding,text_embedding_value,0.919156,,
resolve_encryption_key,encryption_key_value,0.919805,,
inspect_default_delivery_window,default_delivery_window_value,0.920455,,
inspect_remote_dataset_split,remote_dataset_split_value,0.921104,,
validate_funnel_stage,funnel_stage_is_valid,0.921753,,
sort_forecast_value,forecast_value_sorted,0.922403,,
build_retention_rate,retention_rate_value,0.923052,,
read_trend_series,trend_series_value,0.923701,,
find_monthly_funnel_stage,monthly_funnel_stage_value,0.924351,,
normalize_port_number,port_number_normalized,0.925000,,
read_migration_plan,migration_plan_value,0.925649,,
encrypt_support_case,support_case_encrypted,0.926299,,
count_product_catalog,count_product_catalog,0.926948,,
resolve_layout_config,layout_config_value,0.927597,,
refresh_container_image,container_image_refreshed,0.928247,,
inspect_latest_retention_rate,latest_retention_rate_value,0.928896,,
find_survey_response,survey_response_value,0.929545,,
find_raw_form_field,raw_form_field_value,0.930195,,
inspect_runbook_step,runbook_step_value,0.930844,,
load_notification_rule,notification_rule_value,0.931494,,
parse_language_code,language_code_parsed,0.932143,,
hash_product_feedback,product_feedback_hash_value,0.932792,,
read_secure_access_scope,secure_access_scope_value,0.933442,,
resolve_csv_headers,csv_headers_value,0.934091,,
deserialize_file_checksum,file_checksum_deserialized,0.934740,,
read_push_token,push_token_value,0.935390,,
read_form_field,form_field_value,0.936039,,
sort_return_request,return_request_sorted,0.936688,,
find_monthly_retry_policy,monthly_retry_policy_value,0.937338,,
create_product_catalog,new_product_catalog_value,0.937987,,
read_raw_invoice_total,raw_invoice_total_value,0.938636,,
resolve_draft_dataset_split,draft_dataset_split_value,0.939286,,
deduplicate_signed_url,unique_signed_url_value,0.939935,,
count_build_artifact,count_build_artifact,0.940584,,
count_event_count,count_event_count,0.941234,,
serialize_tracking_number,tracking_number_serialized,0.941883,,
build_change_request,change_request_value,0.942532,,
extract_cohort_data,cohort_data_extracted,0.943182,,
read_error_trace,error_trace_value,0.943831,,
validate_reply_draft,reply_draft_is_valid,0.944481,,
fetch_remote_purchase_order,remote_purchase_order_value,0.945130,,
deduplicate_port_number,unique_port_number_value,0.945779,,
check_api_key,is_api_key_ready,0.946429,,
check_data_frame,is_data_frame_ready,0.947078,,
open_raw_meeting_link,raw_meeting_link_value,0.947727,,
get_push_token,push_token_value,0.948377,,
deserialize_kpi_value,kpi_value_deserialized,0.949026,,
get_xml_document,xml_document_value,0.949675,,
find_secure_firewall_rule,secure_firewall_rule,1.0,,
lookup_email_message,email_message,1.0,,
read_recent_event_count,recent_event_count,1.0,,
retrieve_daily_video_frame,daily_video_frame,1.0,,
find_language_code,language_code,1.0,,
build_user_session,user_session,1.0,,
merge_port_number,merged_port_number,1.0,,
update_network_route,updated_network_route,1.0,,
get_incident_ticket,incident_ticket,1.0,,
open_raw_recipient_list,raw_recipient_list,1.0,,
deduplicate_service_level,unique_service_level,1.0,,
compile_chat_message,compiled_chat_message,1.0,,
hash_credit_limit,credit_limit_hash,1.0,,
convert_user,converted_user,1.0,,
check_build_artifact,build_artifact_is_ready,1.0,,
list_column_mapping,column_mapping_list,1.0,,
convert_tracking_number,converted_tracking_number,1.0,,
extract_delivery_window,extracted_delivery_window,1.0,,
refresh_email_address,refreshed_email_address,1.0,,
serialize_return_request,serialized_return_request,1.0,,
inspect_default_password_reset,default_password_reset,1.0,,
create_reply_draft,new_reply_draft,1.0,,
refresh_font_family,refreshed_font_family,1.0,,
build_theme_color,theme_color,1.0,,
get_ocr_result,ocr_result,1.0,,
serialize_signed_url,serialized_signed_url,1.0,,
filter_recipient_list,filtered_recipient_list,1.0,,
sort_permission_set,sorted_permission_set,1.0,,
compile_table_index,compiled_table_index,1.0,,
check_firewall_rule,firewall_rule_is_ready,1.0,,
deduplicate_webhook_event,unique_webhook_event,1.0,,
deduplicate_invoice_line,unique_invoice_line,1.0,,
retrieve_threat_score,threat_score,1.0,,
migrate,schema_version,1.0,,
compile_product_feedback,compiled_product_feedback,1.0,,
read_support_case,support_case,1.0,,
lookup_tracking_number,tracking_number,1.0,,
find_color_palette,color_palette,1.0,,
inspect_final_cors_policy,final_cors_policy,1.0,,
normalize_team_member,normalized_team_member,1.0,,
convert_rate_limit,converted_rate_limit,1.0,,
read_active_sku_record,active_sku_record,1.0,,
extract_currency_code,extracted_currency_code,1.0,,
normalize_threat_score,normalized_threat_score,1.0,,
scan_user,scanned_user,1.0,,
resolve_recent_product_feedback,recent_product_feedback,1.0,,
check_backup_archive,backup_archive_is_ready,1.0,,
fetch_subscription_plan,subscription_plan,1.0,,
convert_approval_status,converted_approval_status,1.0,,
validate_help_article,is_help_article_valid,1.0,,
rollback,rollback_status,1.0,,
deserialize_cache_entry,deserialized_cache_entry,1.0,,
open_daily_language_code,daily_language_code,1.0,,
inspect_proxy_url,proxy_url,1.0,,
validate_tls_context,is_tls_context_valid,1.0,,
scan_dns_record,scanned_dns_record,1.0,,
retrieve_latest_onboarding_step,latest_onboarding_step,1.0,,
deduplicate_chart_config,unique_chart_config,1.0,,
open_active_ocr_result,active_ocr_result,1.0,,
inspect_price_quote,price_quote,1.0,,
load_remote_invoice,remote_invoice,1.0,,
find_metric_series,metric_series,1.0,,
sort_anomaly_score,sorted_anomaly_score,1.0,,
read_feature_flag,feature_flag,1.0,,
load_pending_change_request,pending_change_request,1.0,,
decompress,file_bytes,1.0,,
count_push_token,push_token_count,1.0,,
deserialize_message_thread,deserialized_message_thread,1.0,,
open_encryption_key,encryption_key,1.0,,
open_primary_queue_message,primary_queue_message,1.0,,
inspect_subject_line,subject_line,1.0,,
deduplicate_image_asset,unique_image_asset,1.0,,
encrypt_invoice_total,encrypted_invoice_total,1.0,,
filter_kpi_value,filtered_kpi_value,1.0,,
read_health_check,health_check,1.0,,
format_incident_ticket,formatted_incident_ticket,1.0,,
inspect_latest_server_status,latest_server_status,1.0,,
find_remote_meeting_link,remote_meeting_link,1.0,,
decrypt,plaintext,1.0,,
refresh_help_article,refreshed_help_article,1.0,,
read_active_cart_total,active_cart_total,1.0,,
read_public_release_notes,public_release_notes,1.0,,
deserialize_login_attempt,deserialized_login_attempt,1.0,,
serialize_audit_event,serialized_audit_event,1.0,,
filter_anomaly_score,filtered_anomaly_score,1.0,,
serialize_image_asset,serialized_image_asset,1.0,,
read_retry_policy,retry_policy,1.0,,
hash_session_cookie,session_cookie_hash,1.0,,
refresh_account_settings,refreshed_account_settings,1.0,,
retrieve_search_result,search_result,1.0,,
encrypt_chat_message,encrypted_chat_message,1.0,,
fetch_secure_video_frame,secure_video_frame,1.0,,
read_pending_build_artifact,pending_build_artifact,1.0,,
map_payment_status,payment_status_map,1.0,,
check_database_url,database_url_is_ready,1.0,,
format_login_attempt,formatted_login_attempt,1.0,,
read_cors_policy,cors_policy,1.0,,
map_tenant_id,tenant_id_map,1.0,,
count_invoice_total,invoice_total_count,1.0,,
inspect_primary_survey_response,primary_survey_response,1.0,,
update_identity_claim,updated_identity_claim,1.0,,
reconcile,balance,1.0,,
convert_csv_headers,converted_csv_headers,1.0,,
validate_query_plan,is_query_plan_valid,1.0,,
count_language_code,language_code_count,1.0,,
list_network_route,network_route_list,1.0,,
refresh_request_body,refreshed_request_body,1.0,,
format_image_size,formatted_image_size,1.0,,
convert_deployment_log,converted_deployment_log,1.0,,
parse_delivery_window,parsed_delivery_window,1.0,,
read_latest_language_code,latest_language_code,1.0,,
refresh_service_config,refreshed_service_config,1.0,,
update_build_artifact,updated_build_artifact,1.0,,
fetch_release_channel,release_channel,1.0,,
hash_user_profile,user_profile_hash,1.0,,
list_invoice,invoice_list,1.0,,
retrieve_worker_pool,worker_pool,1.0,,
refresh_thumbnail_url,refreshed_thumbnail_url,1.0,,
find_default_image_asset,default_image_asset,1.0,,
open_document_page,document_page,1.0,,
classify_json_payload,classified_json_payload,1.0,,
scan_server_status,scanned_server_status,1.0,,
decrypt_file_metadata,decrypted_file_metadata,1.0,,
format_recipient_list,formatted_recipient_list,1.0,,
extract_csv_row,extracted_csv_row,1.0,,
transcode,media_file,1.0,,
fetch_cached_trend_series,cached_trend_series,1.0,,
refresh_column_mapping,refreshed_column_mapping,1.0,,
retrieve_metric_summary,metric_summary,1.0,,
read_user,user,1.0,,
deserialize_discount_rule,deserialized_discount_rule,1.0,,
get_container_image,container_image,1.0,,
deserialize_refund_request,deserialized_refund_request,1.0,,
build_cache_entry,cache_entry,1.0,,
check_color_palette,color_palette_is_ready,1.0,,
create_experiment_result,new_experiment_result,1.0,,
deduplicate_access_scope,unique_access_scope,1.0,,
convert_phone_number,converted_phone_number,1.0,,
parse_audit_event,parsed_audit_event,1.0,,
open_rate_limit,rate_limit,1.0,,
list_model_score,model_score_list,1.0,,
format_retry_policy,formatted_retry_policy,1.0,,
map_purchase_order,purchase_order_map,1.0,,
validate_layout_config,is_layout_config_valid,1.0,,
retrieve_discount_rule,discount_rule,1.0,,
fetch_help_article,help_article,1.0,,
resolve_deployment_log,deployment_log,1.0,,
read_pdf_text,pdf_text,1.0,,
fetch_error_trace,error_trace,1.0,,
encrypt_funnel_stage,encrypted_funnel_stage,1.0,,
deserialize_change_request,deserialized_change_request,1.0,,
open_metric_summary,metric_summary,1.0,,
serialize_network_packet,serialized_network_packet,1.0,,
fetch_staged_metric_series,staged_metric_series,1.0,,
map_notification_rule,notification_rule_map,1.0,,
get_remote_team_member,remote_team_member,1.0,,
load_audio_chunk,audio_chunk,1.0,,
resolve_experiment_result,experiment_result,1.0,,
calculate_session_cookie,session_cookie,1.0,,
open_local_user_profile,local_user_profile,1.0,,
format_tls_context,formatted_tls_context,1.0,,
deduplicate_dashboard_config,unique_dashboard_config,1.0,,
retry,retry_result,1.0,,
retrieve_final_approval_status,final_approval_status,1.0,,
build_rate_limit,rate_limit,1.0,,
filter_training_batch,filtered_training_batch,1.0,,
deduplicate_tax_rate,unique_tax_rate,1.0,,
resolve_inventory_level,inventory_level,1.0,,
read_staged_user_session,staged_user_session,1.0,,
classify_consent_status,classified_consent_status,1.0,,
find_draft_audit_event,draft_audit_event,1.0,,
count_trend_series,trend_series_count,1.0,,
convert_event_count,converted_event_count,1.0,,
extract_response_header,extracted_response_header,1.0,,
create_runbook_step,new_runbook_step,1.0,,
serialize_approval_status,serialized_approval_status,1.0,,
lookup_public_search_result,public_search_result,1.0,,
lookup_final_permission_set,final_permission_set,1.0,,
map_http_request,http_request_map,1.0,,
list_secret_value,secret_value_list,1.0,,
format_email_address,formatted_email_address,1.0,,
sort_worker_pool,sorted_worker_pool,1.0,,
resolve_language_code,language_code,1.0,,
fetch_payment_status,payment_status,1.0,,
resolve_current_tls_context,current_tls_context,1.0,,
check_signed_url,signed_url_is_ready,1.0,,
lookup_data_frame,data_frame,1.0,,
resolve_cached_file_checksum,cached_file_checksum,1.0,,
inspect_primary_sha256_hash,primary_sha256_hash,1.0,,
inspect_latest_audio_chunk,latest_audio_chunk,1.0,,
read_secure_table_index,secure_table_index,1.0,,
retrieve_public_deploy_plan,public_deploy_plan,1.0,,
filter_user_profile,filtered_user_profile,1.0,,
convert_error_trace,converted_error_trace,1.0,,
retrieve_monthly_schema_field,monthly_schema_field,1.0,,
serialize_tax_rate,serialized_tax_rate,1.0,,
deserialize_secret_value,deserialized_secret_value,1.0,,
compile_return_request,compiled_return_request,1.0,,
read_primary_threat_score,primary_threat_score,1.0,,
serialize_file_metadata,serialized_file_metadata,1.0,,
