,epoch,idx,d_loss,g_loss,d_train_count,g_train_count,real_scores_mean,fake_scores_mean,real_fake_auroc,mean_gender_score,mean_quality_score,mean_age_score,mean_glass_score
0,0,0,1.2532,2.211,1,2,0.7149,-2.0452,0.9375,0.8862,0.9408,0.077,0.0574
1,0,1,1.2947,2.1919,1,1,0.732,-1.6028,0.8906,0.902,0.9392,0.0771,0.0516
2,0,2,1.4664,1.2942,1,1,1.3063,-0.7394,0.8281,0.9287,0.9378,0.0677,0.0327
3,0,3,1.9005,1.4441,1,1,0.9097,0.0639,0.7188,0.9088,0.9721,0.0727,0.0783
4,0,4,1.0578,1.6636,1,1,1.3924,-1.4613,0.9688,0.8654,0.9807,0.0826,0.0783
5,0,5,0.8683,1.6199,1,1,1.7193,-1.9642,1.0,0.9064,0.9607,0.0539,0.0686
6,0,6,1.4432,1.3202,1,1,1.31,-0.9138,0.8906,0.8984,0.9502,0.0596,0.0512
7,0,7,1.3928,1.2205,1,1,1.4091,-1.9388,0.8438,0.8395,0.9455,0.0869,0.0505
8,0,8,1.3626,1.7836,1,1,0.7712,-1.5935,0.8438,0.8491,0.9595,0.0752,0.03
9,0,9,1.6528,2.2641,1,1,1.0597,-1.2679,0.7812,0.8541,0.9717,0.0695,0.0842
10,0,25,1.4201,1.1041,1,1,0.4879,-1.8618,0.8594,0.8877,0.9831,0.0576,0.0565
11,0,50,1.2759,1.1924,1,1,1.2471,-1.63,0.9375,0.9169,0.9741,0.0537,0.0654
12,0,75,0.9972,1.7218,1,1,1.3116,-1.6214,1.0,0.9421,0.9365,0.0675,0.0684
13,0,100,0.8227,1.3802,1,3,1.7829,-1.9746,1.0,0.9216,0.9432,0.0764,0.074
14,0,125,1.0739,1.8817,1,1,1.1444,-2.3855,0.9219,0.8653,0.9583,0.0739,0.0623
15,0,150,1.7093,1.4051,1,1,1.7322,-0.0371,0.8281,0.9237,0.9803,0.0512,0.0654
16,0,175,1.3747,1.3549,1,1,1.1694,-0.7798,0.875,0.9499,0.9661,0.0452,0.0538
17,0,200,1.5242,1.3574,1,1,0.5604,-0.894,0.8906,0.931,0.9293,0.0579,0.0483
18,0,225,1.2933,2.579,1,1,0.6582,-1.9613,0.8906,0.929,0.9703,0.0645,0.0587
19,0,250,1.9424,1.3479,1,1,0.2405,0.046,0.5312,0.916,0.9539,0.0356,0.0494
20,0,275,1.7139,1.1179,1,1,0.1283,-1.3021,0.5938,0.9224,0.9664,0.0267,0.041
21,0,300,1.6951,1.6801,1,1,-0.272,-2.4937,0.8906,0.9007,0.9692,0.0499,0.0238
22,0,325,1.121,1.0035,1,1,1.7107,-0.9484,0.9844,0.9346,0.9753,0.0461,0.0205
23,0,350,1.495,1.6509,1,1,0.5976,-0.6937,0.875,0.9219,0.9402,0.0362,0.0226
24,0,375,1.5961,1.1547,1,1,0.8781,-0.2468,0.7969,0.9645,0.9539,0.0398,0.0189
25,0,400,1.4022,0.7416,1,1,0.564,-1.3273,0.8594,0.9786,0.9566,0.0327,0.0373
26,0,425,1.3643,1.3458,1,1,0.8536,-0.8906,0.9219,0.9711,0.9694,0.0489,0.0267
27,0,450,1.7367,1.3247,1,1,-0.1215,-0.9964,0.8438,0.9338,0.9705,0.0208,0.0138
28,0,475,1.6803,1.5468,1,1,0.7329,-0.2575,0.7969,0.9466,0.9517,0.0397,0.0248
29,0,500,1.628,1.3492,1,1,0.5456,-0.7834,0.8125,0.9588,0.9795,0.0397,0.0336
30,0,525,1.3191,1.4289,1,1,1.4453,-0.4064,0.9688,0.9325,0.9736,0.0512,0.0433
31,0,550,1.4812,1.3801,1,1,0.4295,-0.8335,0.9062,0.9691,0.946,0.0293,0.0181
32,0,575,1.2681,1.1696,1,1,0.7076,-1.3669,0.9688,0.9446,0.9582,0.0235,0.0387
33,0,600,1.4513,0.9637,1,1,0.8615,-0.5719,0.9062,0.952,0.9752,0.0244,0.0545
34,1,0,1.5449,1.2414,1,1,0.8919,-0.2893,0.9531,0.9492,0.969,0.0252,0.0305
35,1,50,1.547,1.4053,1,1,0.1257,-1.2489,0.875,0.9522,0.9795,0.0317,0.0455
36,1,100,1.6913,1.7533,1,1,0.4842,-0.6592,0.7656,0.9339,0.9785,0.0192,0.0226
37,1,150,1.5273,0.6523,1,1,0.8815,-0.469,0.8438,0.957,0.9917,0.0371,0.011
38,1,200,1.4377,0.7244,1,1,0.929,-0.2856,0.9219,0.9444,0.9792,0.0177,0.0324
39,1,250,1.8604,0.9148,1,1,-0.0523,-0.3204,0.5938,0.9089,0.9744,0.0376,0.009
40,1,300,1.276,0.8764,1,1,1.2117,-0.5788,0.9531,0.9751,0.9428,0.0271,0.0108
41,1,350,1.4685,1.1985,2,1,0.4116,-1.195,0.875,0.9442,0.9787,0.0321,0.0094
42,1,400,1.6719,1.488,1,1,0.1879,-0.9648,0.75,0.9524,0.987,0.0254,0.0364
43,1,450,1.4243,1.2352,1,1,0.1483,-1.5908,0.8906,0.9736,0.9694,0.0227,0.0321
44,1,500,1.5438,1.0983,1,1,0.6487,-0.6602,0.8125,0.973,0.9694,0.0151,0.0272
45,1,550,1.828,1.0258,1,1,0.2499,-0.1495,0.7812,0.9741,0.9802,0.0341,0.0129
46,1,600,1.3635,1.4221,1,1,0.4677,-0.7633,0.8594,0.9386,0.9866,0.0196,0.0239
47,2,0,1.5577,0.7188,1,1,0.6801,-0.4652,0.8594,0.9086,0.9894,0.0276,0.0272
48,2,50,1.68,0.7704,1,1,0.636,-0.0571,0.7188,0.9649,0.9896,0.0508,0.0147
49,2,100,1.5445,0.8123,1,1,0.7418,-0.2903,0.7969,0.9551,0.9978,0.0268,0.021
50,2,150,1.4196,2.0078,1,1,1.3949,-0.1778,0.8906,0.9754,0.9862,0.0236,0.0087
51,2,200,1.7932,1.0628,1,1,0.0436,-0.8392,0.75,0.9563,0.9889,0.0224,0.0148
52,2,250,1.6622,1.5074,1,1,0.5382,-0.2431,0.7344,0.9407,0.9961,0.0201,0.0223
53,2,300,1.717,0.7095,1,1,0.5879,0.0944,0.6875,0.9906,0.9812,0.0211,0.0338
54,2,350,1.4073,0.8654,1,1,0.9844,-0.3075,0.9375,0.9666,0.9679,0.0258,0.0271
55,2,400,2.2121,1.3782,1,1,-0.8676,-1.0669,0.5312,0.9639,0.9957,0.0212,0.0088
56,2,450,1.5735,0.6855,1,1,0.7319,0.0537,0.8438,0.9734,0.9833,0.0213,0.0085
57,2,500,1.5908,1.5195,1,1,0.0529,-0.6655,0.8594,0.952,0.9974,0.0243,0.0107
58,2,550,1.8068,1.0061,1,1,0.344,0.0821,0.5781,0.9693,0.9854,0.0156,0.0083
59,2,600,1.8689,1.3764,1,1,-0.2088,-0.2988,0.4844,0.9686,0.9886,0.0278,0.0176
60,3,0,1.6672,1.4505,4,1,0.4575,-0.1302,0.6719,0.956,0.9834,0.0196,0.0122
61,3,50,1.3995,1.0299,1,1,0.7894,-0.3651,0.9062,0.9559,0.9778,0.0241,0.0264
62,3,100,1.4941,1.0001,1,1,-0.0139,-1.268,0.8281,0.9634,0.9938,0.0209,0.0175
63,3,150,1.5932,0.7612,1,1,0.5172,-0.0518,0.7969,0.9386,0.9892,0.0228,0.0292
64,3,200,1.8753,0.7666,1,1,-0.2539,-0.4889,0.5156,0.9648,0.9896,0.0289,0.0313
65,3,250,1.4567,0.8784,1,1,1.0588,-0.2241,0.8281,0.9792,0.973,0.0151,0.0126
66,3,300,1.3363,1.0588,1,1,0.5915,-0.6414,0.9531,0.9659,0.9918,0.0293,0.023
67,3,350,1.5931,0.9483,1,1,0.0608,-0.7197,0.9062,0.9513,0.9912,0.0163,0.0138
68,3,400,1.6318,0.8967,1,1,0.1682,-0.4311,0.6719,0.9597,0.9756,0.0144,0.0137
69,3,450,1.4931,1.0008,1,1,0.121,-0.7999,0.8438,0.9681,0.9851,0.0354,0.0183
70,3,500,1.8644,0.9449,1,1,-0.1078,-0.1574,0.5,0.941,0.9946,0.0213,0.0215
71,3,550,1.6883,1.2278,1,1,-0.1504,-0.6623,0.7656,0.9807,0.9977,0.018,0.0094
72,3,600,1.3,0.8241,1,1,0.8227,-0.6759,0.9062,0.9693,0.9856,0.0214,0.0162
73,4,0,1.6248,0.5935,1,1,0.6975,-0.0669,0.7031,0.9317,0.9861,0.027,0.0168
74,4,50,1.4393,1.3837,1,1,0.3688,-0.7956,0.8125,0.9653,0.9919,0.0397,0.0095
75,4,100,1.4024,0.9518,1,1,0.5097,-0.5829,0.875,0.9661,0.9776,0.033,0.0185
76,4,150,1.4871,0.9118,1,1,-0.0246,-1.4211,0.9219,0.9593,0.973,0.0256,0.0169
77,4,200,1.3715,0.9706,1,1,0.3154,-0.8966,0.7969,0.9449,0.9635,0.0206,0.0182
78,4,250,1.6268,1.0336,1,1,0.744,0.0395,0.75,0.9703,0.9959,0.0304,0.0081
79,4,300,1.6175,1.068,1,1,0.1122,-0.587,0.6875,0.9189,0.9944,0.0304,0.0196
80,4,350,1.7967,1.353,1,1,0.1712,0.0993,0.5469,0.9848,0.9979,0.0156,0.0177
81,4,400,1.6336,1.2026,1,1,0.3689,-0.2318,0.75,0.9675,0.9973,0.0255,0.0096
82,4,450,1.5302,1.1447,2,1,0.2234,-0.5089,0.6875,0.9694,0.9947,0.0211,0.0184
83,4,500,1.3584,0.7683,1,1,0.6303,-0.4171,0.8594,0.9868,0.9911,0.0261,0.0078
84,4,550,1.3703,0.9878,1,1,0.7819,-0.4018,0.8594,0.9924,0.9942,0.0209,0.0246
85,4,600,1.4914,0.8789,1,1,0.4438,-0.285,0.7812,0.9888,0.9935,0.0235,0.0125
86,5,0,1.7103,0.9549,1,1,0.87,0.431,0.6406,0.9866,0.9804,0.0241,0.0115
87,5,50,1.6356,0.9026,1,1,0.065,-0.7219,0.7969,0.9788,0.9814,0.0149,0.0103
88,5,100,1.5683,0.8424,1,1,0.3946,-0.2038,0.7031,0.9741,0.9846,0.0158,0.014
89,5,150,1.4783,1.0387,1,1,0.1891,-0.6333,0.8125,0.9651,0.9991,0.0202,0.0315
90,5,200,1.5836,0.9365,1,1,0.9075,0.0721,0.7188,0.9622,0.9867,0.0289,0.0181
91,5,250,1.5652,1.1619,1,1,0.3387,-0.344,0.7969,0.9872,0.9801,0.0175,0.0151
92,5,300,1.6082,0.8843,1,1,0.7198,0.0062,0.75,0.9781,0.9826,0.0198,0.0087
93,5,350,1.5308,0.9025,1,1,0.1283,-0.5392,0.8594,0.9714,0.9969,0.0214,0.0165
94,5,400,1.5672,0.9062,1,1,0.584,-0.0793,0.7656,0.9626,0.995,0.0245,0.0146
95,5,450,1.5528,0.9212,1,1,0.2043,-0.3477,0.8125,0.9715,0.9948,0.0296,0.0085
96,5,500,1.5982,0.7307,1,1,0.5191,-0.1043,0.7812,0.9699,0.9977,0.0184,0.0081
97,5,550,1.5616,1.1179,1,1,0.3113,-0.4057,0.7031,0.9842,0.997,0.0158,0.0181
98,5,600,1.4295,0.6759,1,1,0.6751,-0.1716,0.8438,0.9973,0.9852,0.0158,0.0092
99,6,0,1.543,0.7982,1,1,0.4363,-0.2656,0.7656,0.9714,0.9967,0.0265,0.0091
100,6,50,1.5045,0.9914,1,1,0.4273,-0.2723,0.7656,0.9782,0.9917,0.0307,0.0294
101,6,100,1.5352,1.2183,1,1,0.1062,-0.6367,0.7656,0.9792,0.9966,0.0184,0.01
102,6,150,1.665,0.9836,1,1,-0.0958,-0.8359,0.6875,0.9858,0.9923,0.0239,0.035
103,6,200,1.987,0.9261,4,1,0.0218,0.1457,0.4688,0.9865,0.998,0.0241,0.0157
104,6,250,1.3031,1.0371,1,1,0.5795,-0.5839,0.9531,0.9575,0.9967,0.0284,0.0116
105,6,300,1.3031,0.9621,1,1,0.3829,-0.7449,0.9531,0.9805,0.9926,0.0142,0.0072
106,6,350,1.718,0.7455,1,1,0.176,-0.0719,0.5781,0.9748,0.9941,0.0176,0.0081
107,6,400,1.5508,1.3238,1,1,0.0993,-0.5486,0.8438,0.9569,0.9965,0.0155,0.0294
108,6,450,1.368,1.1541,1,1,0.5972,-0.3614,0.9375,0.9833,0.9797,0.0141,0.0219
109,6,500,1.6788,0.6905,2,1,0.0242,-0.1263,0.5312,0.9954,0.9844,0.0135,0.0194
110,6,550,1.5183,0.7863,1,1,0.4974,-0.1721,0.7188,0.9793,0.9917,0.0233,0.028
111,6,600,1.8925,0.537,1,1,-0.057,0.0812,0.5312,0.9805,0.9953,0.0174,0.0224
112,7,0,1.4301,1.1977,1,1,0.1059,-0.5225,0.8125,0.9844,0.9962,0.0166,0.0078
113,7,50,1.6508,1.0195,1,1,0.2261,-0.118,0.6875,0.9739,0.9954,0.0214,0.0107
114,7,100,1.4573,1.1986,1,1,0.6079,-0.2415,0.7969,0.9795,0.9886,0.0147,0.0087
115,7,150,1.3156,0.7671,1,1,0.5468,-0.6417,0.9219,0.9763,0.9865,0.0238,0.0073
116,7,200,1.612,0.736,1,1,0.7988,0.1656,0.7188,0.9881,0.9984,0.0249,0.0117
117,7,250,1.7181,0.5846,1,1,0.4321,0.1199,0.7031,0.9805,0.9921,0.0174,0.0212
118,7,300,1.6402,0.874,1,1,0.5166,0.0717,0.6719,0.9791,0.9886,0.0099,0.0069
119,7,350,1.587,0.7717,1,1,0.3413,-0.0773,0.6875,0.988,0.9966,0.0172,0.0123
120,7,400,1.3461,0.831,1,1,0.8958,-0.2524,0.875,0.9682,0.9963,0.0126,0.0086
121,7,450,1.5498,0.7135,1,1,0.5449,-0.0783,0.7656,0.9647,0.9892,0.0156,0.016
122,7,500,1.4802,1.0401,1,1,0.2074,-0.4635,0.8438,0.9779,0.9953,0.0146,0.0176
123,7,550,1.6429,1.4116,1,1,-0.2024,-0.5602,0.6406,0.9808,0.989,0.0166,0.0072
124,7,600,1.5769,0.7163,1,1,0.2191,-0.3489,0.7656,0.9733,0.981,0.0161,0.01
125,8,0,1.3022,1.0364,1,1,0.8447,-0.3967,0.8594,0.9855,0.9936,0.0211,0.0116
126,8,50,1.2893,0.9904,1,1,0.5486,-0.7275,0.9219,0.9772,0.9955,0.0208,0.0079
127,8,100,1.5086,0.8106,1,1,0.8992,0.0604,0.8281,0.9736,0.9818,0.0142,0.009
128,8,150,1.4006,0.9874,1,1,0.1487,-1.042,0.8906,0.9814,0.9934,0.0147,0.0159
129,8,200,1.4821,0.7826,1,1,0.7111,-0.111,0.7969,0.969,0.9949,0.0173,0.0083
130,8,250,1.6531,0.7582,1,1,0.2665,-0.0066,0.6562,0.9857,0.9784,0.0146,0.0144
131,8,300,1.5323,0.6867,1,1,0.2282,-0.2918,0.75,0.9644,0.9956,0.0137,0.0081
132,8,350,1.4129,0.9248,1,1,0.4971,-0.3554,0.8906,0.9872,0.9952,0.0152,0.0096
133,8,400,1.3327,0.8571,1,1,0.3693,-0.5358,0.9062,0.9704,0.9954,0.0288,0.0098
134,8,450,1.8429,0.6261,1,1,-0.1512,-0.058,0.4375,0.9706,0.9984,0.0164,0.0138
135,8,500,1.4139,1.1289,1,1,0.3833,-0.3093,0.9531,0.9696,0.9933,0.0182,0.0093
136,8,550,1.5714,0.6591,1,1,0.1674,-0.3884,0.625,0.9904,0.9898,0.0119,0.0096
137,8,600,1.5025,1.1032,1,1,0.5625,-0.1137,0.7344,0.9897,0.9819,0.0179,0.0179
138,9,0,1.3205,1.0754,1,1,0.2761,-0.5914,0.9375,0.9816,0.9969,0.0126,0.0083
139,9,50,1.343,0.9105,1,1,0.7126,-0.2133,0.9219,0.9925,0.9923,0.0094,0.0074
140,9,100,1.5557,0.7752,1,1,0.2754,-0.1626,0.7344,0.9822,0.9918,0.0153,0.019
141,9,150,1.6503,1.0377,1,1,-0.2815,-0.758,0.75,0.9646,0.9891,0.0241,0.0229
142,9,200,1.6233,1.0158,1,1,-0.1605,-0.6282,0.5781,0.9851,0.9966,0.0157,0.0088
143,9,250,1.7498,0.8684,1,1,0.0328,-0.2064,0.5781,0.9772,0.9904,0.0252,0.0106
144,9,300,1.1692,0.9583,1,1,0.8385,-0.6456,1.0,0.9688,0.9877,0.0194,0.0221
145,9,350,1.529,0.9651,1,1,0.3965,-0.4827,0.7031,0.9911,0.999,0.0157,0.0093
146,9,400,1.4265,0.7655,1,1,0.2836,-0.4618,0.8594,0.9873,0.9839,0.0148,0.0073
147,9,450,1.5661,1.0168,1,1,0.4054,0.0337,0.7969,0.9768,0.9834,0.0187,0.0135
148,9,500,1.4964,0.8631,1,1,0.1844,-0.2847,0.7969,0.9506,0.9905,0.0167,0.0205
149,9,550,1.5091,0.7506,1,1,0.306,-0.3486,0.8125,0.9814,0.9856,0.0242,0.0189
150,9,600,1.6235,1.0235,1,1,0.0425,-0.3005,0.7344,0.9941,0.9982,0.0218,0.008
151,10,0,1.605,0.7748,1,1,0.6691,0.1941,0.7656,0.9711,0.9983,0.0179,0.006
152,10,50,1.4804,0.7465,1,1,0.5689,-0.1442,0.875,0.9849,0.9933,0.0127,0.0152
153,10,100,1.4414,0.7766,1,1,0.3166,-0.4175,0.7812,0.9967,0.9926,0.0121,0.0131
154,10,150,1.4053,0.8125,1,1,0.2395,-0.4421,0.9375,0.9951,0.9986,0.014,0.0169
155,10,200,1.1982,1.0044,1,1,0.7277,-0.6403,0.9375,0.9864,0.9966,0.0267,0.0175
156,10,250,1.7839,0.9738,1,1,-0.1069,-0.1676,0.5156,0.9686,0.9878,0.0133,0.0124
157,10,300,1.3358,0.9651,1,1,0.3263,-0.7439,0.8906,0.9668,0.9941,0.0118,0.009
158,10,350,1.4951,0.8994,1,1,0.6823,-0.002,0.8281,0.9903,0.99,0.0114,0.0114
159,10,400,1.5278,0.7511,1,1,0.3209,-0.4224,0.75,0.9715,0.9971,0.013,0.0148
160,10,450,1.5319,0.8355,1,1,0.7912,0.1041,0.7656,0.9807,0.992,0.0149,0.0102
161,10,500,1.5646,1.026,1,1,0.0271,-0.4311,0.7969,0.9635,0.9885,0.0163,0.0085
162,10,550,1.4054,0.7024,1,1,0.7442,-0.2981,0.875,0.9949,0.9888,0.009,0.0132
163,10,600,1.6724,0.9432,1,1,0.0424,-0.0904,0.5156,0.9891,0.9985,0.0198,0.0098
164,11,0,1.583,0.4855,1,1,0.6968,0.0741,0.7812,0.9958,0.9979,0.0142,0.023
165,11,50,1.4663,0.804,1,1,0.9523,0.1255,0.9062,0.9785,0.9887,0.0145,0.0133
166,11,100,1.7309,0.8851,1,1,-0.2539,-0.3324,0.5781,0.997,0.981,0.0144,0.0106
167,11,150,1.4748,0.6625,1,1,0.2436,-0.3764,0.8438,0.977,0.9957,0.0122,0.0132
168,11,200,1.7611,0.9437,1,1,0.0595,0.155,0.3906,0.9852,0.9823,0.0162,0.0069
169,11,250,1.5018,0.7013,1,1,0.0503,-0.3931,0.7344,0.9723,0.9894,0.0117,0.0113
170,11,300,1.575,0.6416,1,1,0.1431,-0.4199,0.7344,0.9777,0.9972,0.0211,0.0157
171,11,350,1.4408,0.9567,1,1,0.1174,-0.5136,0.7969,0.9866,0.9991,0.0174,0.0112
172,11,400,1.3941,0.9061,1,1,0.2512,-0.5464,0.8438,0.9882,0.9926,0.0134,0.0174
173,11,450,1.6246,0.8103,1,1,-0.0673,-0.4294,0.7188,0.9835,0.996,0.0139,0.01
174,11,500,1.4843,0.7315,1,1,0.2095,-0.2955,0.7812,0.9897,0.9944,0.0099,0.0062
175,11,550,1.4314,0.7572,1,1,0.4866,-0.2141,0.8438,0.9881,0.9887,0.0091,0.0172
176,11,600,1.452,0.6677,1,1,0.1496,-0.583,0.8594,0.9888,0.991,0.0173,0.0091
177,12,0,1.4632,0.6204,1,1,0.782,-0.0647,0.8125,0.9898,0.9982,0.0129,0.007
178,12,50,1.3757,1.1975,1,1,0.3564,-0.4499,0.9688,0.9675,0.993,0.012,0.0154
179,12,100,1.5602,0.9637,1,1,0.1655,-0.2954,0.7188,0.9713,0.9963,0.0134,0.0098
180,12,150,1.6927,1.476,1,1,-0.1907,-0.324,0.5469,0.966,0.9965,0.0159,0.0131
181,12,200,1.5127,0.9021,1,1,0.3649,-0.2314,0.7812,0.9722,0.9979,0.0118,0.0105
182,12,250,1.3595,0.5742,1,1,0.6481,-0.5425,0.9219,0.9731,0.9963,0.0134,0.0143
183,12,300,1.4525,0.9946,1,1,0.4232,-0.1976,0.8594,0.9648,0.9939,0.0133,0.0071
184,12,350,1.3264,1.1131,1,1,0.1507,-0.8955,0.8906,0.994,0.9868,0.0111,0.0082
185,12,400,1.6089,0.8086,1,1,0.438,0.0726,0.6406,0.983,0.9948,0.0136,0.0133
186,12,450,1.4613,0.8633,1,1,0.9574,-0.0949,0.875,0.9846,0.9921,0.0145,0.0093
187,12,500,1.3715,1.0652,1,1,0.4279,-0.3908,0.8906,0.9763,0.9975,0.0161,0.0112
188,12,550,1.2739,0.8987,1,1,0.7821,-0.4717,1.0,0.9913,0.9934,0.014,0.0073
189,12,600,1.5772,0.9399,1,1,-0.0196,-0.3894,0.7031,0.9853,0.974,0.0142,0.0262
190,13,0,1.4566,0.8775,1,1,0.591,-0.2175,0.7812,0.9878,0.9913,0.0156,0.0077
191,13,50,1.4015,0.7618,1,1,0.2088,-0.5689,0.8906,0.9856,0.9947,0.0148,0.0105
192,13,100,1.6364,1.1982,1,1,0.1733,-0.0785,0.5781,0.9525,0.9978,0.0103,0.0099
193,13,150,1.3871,1.0876,1,1,0.5,-0.23,1.0,0.9955,0.9957,0.0155,0.009
194,13,200,1.3318,1.0284,1,1,0.6531,-0.4102,0.8906,0.9819,0.9976,0.0182,0.0092
195,13,250,1.4926,0.5885,1,1,0.3806,-0.2068,0.8594,0.9765,0.9909,0.0153,0.0074
196,13,300,1.554,0.9293,1,1,0.2429,-0.2376,0.7188,0.9838,0.998,0.0111,0.0147
197,13,350,1.2807,0.7951,1,1,0.3414,-0.7745,0.8906,0.9955,0.9986,0.0141,0.0104
198,13,400,1.6456,0.894,1,1,0.1203,-0.0366,0.5469,0.965,0.9955,0.0108,0.018
199,13,450,1.559,0.9255,1,1,0.3477,-0.1021,0.7188,0.985,0.9964,0.0134,0.0164
200,13,500,1.5988,0.9977,1,1,0.1367,-0.3987,0.7188,0.9869,0.9877,0.0153,0.0119
201,13,550,1.2125,0.8792,1,1,0.4923,-0.6697,1.0,0.9861,0.9909,0.0159,0.01
202,13,600,1.5469,0.7908,1,1,-0.3445,-0.8559,0.8125,0.9826,0.9768,0.0174,0.0119
203,14,0,1.4216,0.6249,1,1,0.587,-0.172,0.875,0.9949,0.9947,0.0129,0.0056
204,14,50,1.4887,0.8508,1,1,0.4905,-0.1837,0.7812,0.9768,0.9941,0.0126,0.0078
205,14,100,1.4963,0.8553,1,1,0.3516,-0.1242,0.7344,0.9837,0.9964,0.0212,0.0103
206,14,150,1.4013,0.7468,1,1,0.3817,-0.564,0.8125,0.9855,0.9882,0.0195,0.013
207,14,200,1.6155,0.9287,1,1,0.5507,0.229,0.7031,0.9867,0.9953,0.0173,0.0076
208,14,250,1.5639,0.9428,1,1,-0.2428,-0.7926,0.6875,0.9804,0.9981,0.0128,0.0072
209,14,300,1.5135,0.9919,1,1,0.4293,-0.1512,0.7656,0.9782,0.9985,0.0101,0.006
210,14,350,1.3665,0.9516,1,1,0.4174,-0.5176,0.875,0.9869,0.9938,0.0148,0.0102
211,14,400,1.4243,0.9622,1,1,0.251,-0.4805,0.875,0.9815,0.9946,0.0114,0.0162
212,14,450,1.4415,0.7645,1,1,0.5164,-0.1592,0.875,0.9913,0.997,0.01,0.0077
213,14,500,1.6125,0.8187,1,1,-0.1563,-0.3882,0.6719,0.9724,0.9991,0.016,0.0176
214,14,550,1.551,0.8202,1,1,0.5115,0.0204,0.7344,0.9766,0.9973,0.0178,0.0082
215,14,600,1.4851,1.1201,1,1,0.12,-0.3536,0.75,0.977,0.9769,0.0108,0.0068
216,15,0,1.5352,0.7376,1,1,0.7719,0.0617,0.7812,0.9952,0.9985,0.0107,0.0079
217,15,50,1.4908,0.8779,1,1,0.1806,-0.3834,0.75,0.9856,0.9938,0.0126,0.0081
218,15,100,1.5314,1.0786,1,1,0.3067,-0.2403,0.7344,0.9861,0.9987,0.0111,0.0076
219,15,150,1.4975,0.7253,1,1,0.4523,-0.0808,0.7656,0.9708,0.9956,0.0122,0.0142
220,15,200,1.4128,0.7615,1,1,0.6847,-0.0815,0.8594,0.9886,0.9953,0.0177,0.01
221,15,250,1.5176,0.9277,1,1,0.5354,0.0073,0.8281,0.9836,0.9978,0.0125,0.0098
222,15,300,1.5111,0.7033,1,1,0.0878,-0.3413,0.7812,0.9936,0.9958,0.0136,0.0103
223,15,350,1.392,0.8874,1,1,0.6531,-0.1877,0.875,0.9727,0.9976,0.0201,0.0067
224,15,400,1.4406,0.851,1,1,0.2138,-0.5653,0.8125,0.9888,0.9942,0.0154,0.0126
225,15,450,1.4786,0.8508,1,1,0.363,-0.1007,0.9375,0.9926,0.9962,0.0119,0.0107
226,15,500,1.3729,1.0813,1,1,0.1739,-0.6598,0.9375,0.9842,0.9951,0.0179,0.0076
227,15,550,1.2682,1.1068,1,1,0.4561,-0.6606,1.0,0.9759,0.9976,0.0167,0.0194
228,15,600,1.3738,0.7765,1,1,0.5322,-0.185,0.9531,0.9852,0.9793,0.0142,0.0066
229,16,0,1.6181,0.7379,1,1,0.4176,0.1492,0.6406,0.9879,0.9949,0.0136,0.0087
230,16,50,1.2932,1.0319,1,1,0.2883,-0.7167,0.9219,0.9709,0.9918,0.0129,0.0084
231,16,100,1.1895,0.6136,1,1,0.5377,-0.7036,0.9844,0.9771,0.9958,0.012,0.0141
232,16,150,1.3256,0.9848,1,1,0.5868,-0.4884,0.8594,0.9836,0.9947,0.0187,0.0077
233,16,200,1.5682,1.0033,1,1,-0.0908,-0.5671,0.75,0.9932,0.9698,0.0167,0.0125
234,16,250,1.4432,0.6704,1,1,0.5539,-0.1663,0.875,0.9897,0.9956,0.0131,0.0102
235,16,300,1.4169,0.8398,1,1,0.3343,-0.4713,0.8125,0.9826,0.9986,0.0116,0.0081
236,16,350,1.3447,0.681,1,1,0.4698,-0.3059,0.9375,0.9915,0.9929,0.0155,0.0072
237,16,400,1.4439,1.031,1,1,0.5834,-0.1453,0.7812,0.9874,0.9959,0.0116,0.0103
238,16,450,1.4701,0.945,1,1,0.1346,-0.5498,0.7656,0.9776,0.994,0.0132,0.0067
239,16,500,1.5045,0.7095,1,1,0.0619,-0.5222,0.7656,0.9918,0.9987,0.0121,0.009
240,16,550,1.525,0.8446,1,1,0.2997,-0.2313,0.75,0.9887,0.9962,0.0116,0.0073
241,16,600,1.3706,0.7364,1,1,0.2189,-0.3771,0.8906,0.9786,0.9967,0.0183,0.016
242,17,0,1.4528,0.7661,1,1,0.5189,-0.0889,0.8438,0.9918,0.9871,0.0148,0.0074
243,17,50,1.3799,0.8637,1,1,0.3109,-0.3709,0.8438,0.9881,0.9987,0.0196,0.0078
244,17,100,1.5634,1.0183,1,1,0.5928,0.0026,0.75,0.9724,0.9966,0.0138,0.0075
245,17,150,1.3835,1.0073,1,1,0.5828,-0.312,0.8438,0.9866,0.9983,0.0161,0.0105
246,17,200,1.4543,1.0352,1,1,0.4522,-0.1753,0.8594,0.9815,0.9981,0.0108,0.0104
247,17,250,1.5379,0.9226,1,1,0.0,-0.4472,0.7656,0.9931,0.9937,0.013,0.0078
248,17,300,1.2783,1.0591,1,1,0.4328,-0.5263,0.9531,0.981,0.9834,0.0143,0.0173
249,17,350,1.6883,0.8401,1,1,0.0563,-0.1118,0.5781,0.9859,0.9951,0.0138,0.0069
250,17,400,1.7493,0.7814,1,1,-0.0713,-0.0755,0.5625,0.9808,0.9966,0.0138,0.0093
251,17,450,1.548,0.8176,1,1,0.5313,-0.0175,0.8594,0.9871,0.9985,0.0206,0.0152
252,17,500,1.5658,0.8305,1,1,0.2382,-0.1588,0.7188,0.9877,0.9887,0.0111,0.0091
253,17,550,1.2884,0.9293,1,1,0.4185,-0.6774,0.9688,0.9844,0.9924,0.009,0.008
254,17,600,1.4699,0.9012,1,1,0.2795,-0.3838,0.7344,0.9783,0.9968,0.0194,0.016
255,18,0,1.5828,0.9862,1,1,0.3058,-0.114,0.6406,0.9923,0.9964,0.0114,0.0094
256,18,50,1.2558,0.9123,1,1,0.4941,-0.5833,1.0,0.9946,0.9954,0.02,0.0064
257,18,100,1.2978,0.9033,1,1,0.5631,-0.4425,0.9219,0.9848,0.9906,0.0157,0.015
258,18,150,1.4472,1.0027,1,1,0.2295,-0.3782,0.8594,0.9873,0.9966,0.0114,0.0111
259,18,200,1.5961,0.8141,1,1,0.5182,0.0803,0.7344,0.9929,0.9948,0.0124,0.007
260,18,250,1.3707,0.8981,1,1,0.535,-0.3964,0.8438,0.9802,0.9965,0.0133,0.0108
261,18,300,1.4565,0.7949,1,1,0.4195,-0.1769,0.8281,0.9859,0.9974,0.0126,0.0066
262,18,350,1.3747,0.9498,1,1,0.5926,-0.2334,0.8438,0.9928,0.9966,0.0134,0.0078
263,18,400,1.71,0.735,1,1,0.0416,-0.0129,0.5156,0.9958,0.9938,0.0118,0.0115
264,18,450,1.5085,0.9521,1,1,0.3276,-0.1984,0.7656,0.9922,0.9864,0.0178,0.0087
265,18,500,1.3702,0.9629,1,1,0.5026,-0.4013,0.8594,0.9864,0.996,0.0088,0.0066
266,18,550,1.6496,0.6986,1,1,-0.0254,-0.2282,0.6562,0.9916,0.9944,0.0147,0.0073
267,18,600,1.5287,1.0217,1,1,0.1834,-0.2812,0.7188,0.9852,0.9902,0.014,0.0095
268,19,0,1.4225,0.8693,1,1,0.4159,-0.1284,0.8594,0.9865,0.9953,0.0111,0.0083
269,19,50,1.3181,0.8889,1,1,0.4334,-0.55,0.9688,0.994,0.9895,0.0129,0.0166
270,19,100,1.5738,1.1741,1,1,-0.1765,-0.4956,0.7344,0.9885,0.9982,0.0124,0.009
271,19,150,1.4391,0.8914,1,1,0.3756,-0.1133,0.9531,0.9819,0.9883,0.0112,0.0157
272,19,200,1.2951,0.9768,1,1,0.5104,-0.4474,0.9219,0.9802,0.9951,0.0131,0.0101
273,19,250,1.401,0.9695,1,1,0.0943,-0.5861,0.875,0.9859,0.9906,0.0107,0.009
274,19,300,1.4928,0.8938,1,1,0.3141,-0.2225,0.7656,0.9863,0.9911,0.0193,0.0093
275,19,350,1.3261,0.9899,1,1,0.4175,-0.5576,0.8594,0.9869,0.9867,0.0176,0.0057
276,19,400,1.4864,1.0805,1,1,0.379,-0.0718,0.75,0.983,0.9966,0.0161,0.0084
277,19,450,1.3476,0.9867,1,1,0.3295,-0.5826,0.9688,0.9898,0.9947,0.0163,0.0077
278,19,500,1.3316,0.8174,1,1,0.3214,-0.6314,0.9219,0.9843,0.9877,0.0125,0.0079
279,19,550,1.2739,0.8842,1,1,0.6766,-0.3529,0.8594,0.9794,0.9868,0.011,0.0083
280,19,600,1.6669,0.8395,1,1,-0.278,-0.4004,0.5781,0.9948,0.9889,0.0115,0.0077
281,20,0,1.6351,0.8508,1,1,0.2572,-0.0933,0.625,0.9918,0.9971,0.0141,0.0106
282,20,50,1.4242,0.6568,1,1,0.4144,-0.3286,0.8594,0.9804,0.9916,0.011,0.0193
283,20,100,1.3308,1.069,1,1,0.5019,-0.3103,0.9062,0.9808,0.9938,0.0138,0.0069
284,20,150,1.3114,0.9279,1,1,0.3223,-0.4545,0.8906,0.9843,0.9983,0.0113,0.0125
285,20,200,1.5432,0.7875,1,1,0.4218,-0.1352,0.7656,0.9756,0.9964,0.0193,0.0094
286,20,250,1.363,0.6438,3,1,0.4718,-0.3236,0.7969,0.9886,0.9946,0.0192,0.013
287,20,300,1.3552,0.755,1,1,0.4568,-0.3523,0.9844,0.9916,0.9938,0.0165,0.0062
288,20,350,1.54,0.6911,1,1,0.2011,-0.4101,0.7344,0.9811,0.9891,0.0113,0.0072
289,20,400,1.1994,0.6247,1,1,0.6265,-0.5811,0.9375,0.9793,0.9971,0.0131,0.0069
290,20,450,1.4739,1.0083,1,1,0.6964,-0.0098,0.8594,0.9666,0.9869,0.0143,0.009
291,20,500,1.5703,1.0754,1,1,0.0452,-0.2717,0.7188,0.9839,0.9981,0.0131,0.0123
292,20,550,1.572,0.9906,1,1,-0.0853,-0.4384,0.7031,0.9838,0.997,0.0111,0.0122
293,20,600,1.451,0.7702,1,1,0.3002,-0.2706,0.8438,0.9847,0.9916,0.013,0.0181
294,21,0,1.4306,0.6328,1,1,0.9543,0.1663,0.9219,0.9716,0.9886,0.0098,0.0108
295,21,50,1.4808,0.7643,1,1,0.4708,-0.0613,0.7031,0.9846,0.9885,0.0124,0.0088
296,21,100,1.3897,1.2194,1,1,0.621,-0.2779,0.8594,0.9777,0.9887,0.015,0.0118
297,21,150,1.4313,0.7708,1,1,0.4305,-0.1255,0.8594,0.9812,0.9983,0.0147,0.0174
298,21,200,1.6577,0.8227,1,1,-0.2374,-0.3261,0.4844,0.9892,0.9968,0.0135,0.0088
299,21,250,1.5714,0.9073,1,1,-0.0551,-0.4683,0.625,0.9941,0.9926,0.0198,0.0101
300,21,300,1.507,0.763,1,1,0.2441,-0.1151,0.75,0.9877,0.9876,0.0146,0.0125
301,21,350,1.4198,0.7755,1,1,0.1604,-0.62,0.8281,0.9802,0.9923,0.0163,0.0153
302,21,400,1.3578,1.1979,1,1,0.5203,-0.3017,0.875,0.9968,0.9966,0.013,0.0081
303,21,450,1.5062,1.0019,1,1,0.1907,-0.2798,0.8125,0.9832,0.9973,0.0108,0.0066
304,21,500,1.3665,0.8843,1,1,0.6092,-0.1675,0.9219,0.9781,0.9956,0.0138,0.0084
305,21,550,1.395,0.7568,1,1,0.5378,-0.2614,0.8906,0.9938,0.9872,0.0106,0.0122
306,21,600,1.428,0.7632,1,1,0.3099,-0.3219,0.8906,0.9743,0.9937,0.0134,0.0078
307,22,0,1.4098,0.6171,1,1,0.3886,-0.199,0.8438,0.9765,0.9913,0.0187,0.0063
308,22,50,1.5799,0.8659,1,1,0.0992,-0.1589,0.6562,0.9854,0.9952,0.0108,0.0094
309,22,100,1.3208,1.0754,1,1,0.3959,-0.6116,0.875,0.9647,0.996,0.0113,0.0079
310,22,150,1.7088,1.234,1,1,-0.1835,-0.3259,0.6094,0.9845,0.9955,0.0102,0.0099
311,22,200,1.5492,0.9452,1,1,0.3713,0.0124,0.6406,0.984,0.9907,0.0148,0.0091
312,22,250,1.3061,0.9012,1,1,0.5252,-0.3179,0.9375,0.9936,0.9932,0.0106,0.008
313,22,300,1.3286,1.0563,1,1,0.3973,-0.5358,0.875,0.9796,0.9963,0.0123,0.0094
314,22,350,1.5612,0.8941,1,1,0.3321,0.0061,0.6875,0.9859,0.9971,0.0105,0.0082
315,22,400,1.3409,0.7473,1,1,0.2457,-0.5902,0.9375,0.9809,0.9893,0.0124,0.0125
316,22,450,1.4031,0.7651,1,1,0.1676,-0.5236,0.8906,0.9889,0.991,0.0141,0.0102
317,22,500,1.4371,1.0314,1,1,0.444,-0.1108,0.875,0.983,0.9979,0.016,0.0068
318,22,550,1.5217,0.9776,1,1,0.2041,-0.2247,0.7188,0.986,0.9862,0.0128,0.0069
319,22,600,1.2284,0.9709,1,1,0.4709,-0.7053,1.0,0.9751,0.9948,0.0271,0.0059
320,23,0,1.5228,0.9057,1,1,0.2864,-0.1834,0.75,0.9968,0.9908,0.0132,0.0091
321,23,50,1.5425,0.9782,1,1,-0.0457,-0.731,0.7969,0.9773,0.9955,0.0129,0.0083
322,23,100,1.3105,0.9118,1,1,0.6682,-0.3937,0.9062,0.9781,0.9949,0.0318,0.0075
323,23,150,1.2833,0.9541,1,1,0.8647,-0.4016,0.9062,0.9813,0.9886,0.019,0.0153
324,23,200,1.3899,0.8141,1,1,0.1746,-0.3913,0.8125,0.9915,0.996,0.013,0.0081
325,23,250,1.0591,0.7106,1,1,0.6572,-0.8111,1.0,0.9968,0.9905,0.0197,0.008
326,23,300,1.3051,0.8212,1,1,0.432,-0.4608,0.8906,0.9791,0.9925,0.0126,0.0086
327,23,350,1.5454,1.0889,1,1,0.3463,-0.1036,0.7188,0.975,0.9896,0.021,0.0081
328,23,400,1.6438,0.74,1,1,0.1598,-0.236,0.6094,0.9921,0.9976,0.0157,0.0084
329,23,450,1.3326,0.744,1,1,0.3744,-0.4096,0.875,0.9892,0.9963,0.0141,0.019
330,23,500,1.3707,1.1246,1,1,0.1283,-0.7252,0.9219,0.9933,0.9872,0.012,0.0073
331,23,550,1.5443,0.8103,1,1,0.205,-0.2679,0.8125,0.979,0.9981,0.0105,0.0179
332,23,600,1.4399,0.8654,1,1,0.7596,-0.0583,0.7969,0.9885,0.9878,0.0151,0.0082
333,24,0,1.1989,0.6809,1,1,0.7673,-0.4931,1.0,0.9864,0.9961,0.0101,0.0086
334,24,50,1.4227,1.0178,1,1,0.2255,-0.3539,0.7969,0.9924,0.9953,0.0141,0.0081
335,24,100,1.48,0.8905,1,1,0.0489,-0.3711,0.7969,0.9881,0.9961,0.0105,0.0079
336,24,150,1.376,1.0018,1,1,0.4573,-0.3069,0.8438,0.9774,0.9885,0.0152,0.0111
337,24,200,1.4613,0.718,1,1,0.4931,-0.0525,0.7969,0.9783,0.9983,0.0148,0.0077
338,24,250,1.3577,0.9461,1,1,0.2452,-0.4797,0.875,0.9789,0.9962,0.0161,0.0081
339,24,300,1.3653,0.8682,1,1,-0.0305,-1.0195,0.9688,0.9903,0.9939,0.0111,0.0064
340,24,350,1.356,1.0034,1,1,0.2366,-0.5033,0.8594,0.9798,0.9966,0.0168,0.0157
341,24,400,1.3541,0.9535,1,1,0.705,-0.1675,1.0,0.9873,0.9937,0.0118,0.0082
342,24,450,1.596,1.0587,1,1,-0.2243,-0.5329,0.6562,0.9855,0.9956,0.0092,0.0168
343,24,500,1.5886,1.1188,1,1,0.1553,-0.0803,0.7188,0.993,0.9969,0.0134,0.0167
344,24,550,1.3161,0.6024,1,1,0.555,-0.378,0.9219,0.9909,0.997,0.0167,0.0153
345,24,600,1.3998,1.0041,1,1,-0.048,-0.8671,0.9062,0.9866,0.9908,0.0172,0.0067
346,25,0,1.3998,0.8465,1,1,0.3859,-0.2395,0.9375,0.9777,0.998,0.013,0.0065
347,25,50,1.4591,0.8765,1,1,0.2354,-0.3313,0.8125,0.9738,0.9977,0.0175,0.0243
348,25,100,1.7046,0.9467,1,1,0.2131,0.2468,0.4375,0.992,0.9953,0.0122,0.0092
349,25,150,1.2111,0.8148,1,1,0.44,-0.7126,0.9688,0.9967,0.9986,0.0127,0.0075
350,25,200,1.3252,0.7611,1,1,0.436,-0.3788,0.9062,0.9852,0.9936,0.0111,0.0091
351,25,250,1.5304,0.9531,1,1,0.1846,-0.2402,0.7188,0.9777,0.9944,0.0162,0.0065
352,25,300,1.4392,0.9939,1,1,0.1552,-0.4852,0.7812,0.9932,0.9958,0.0087,0.0129
353,25,350,1.4266,0.842,1,1,0.3629,-0.2638,0.7656,0.9926,0.988,0.0127,0.0066
354,25,400,1.3558,1.0176,1,1,0.431,-0.5252,0.8594,0.9896,0.9942,0.0105,0.0081
355,25,450,1.3685,0.9944,1,1,0.227,-0.7007,0.8281,0.9967,0.9967,0.011,0.0068
356,25,500,1.2523,0.9686,1,1,0.8043,-0.3704,1.0,0.9747,0.992,0.0113,0.0084
357,25,550,1.2849,0.7853,2,1,0.904,-0.1279,0.9531,0.9883,0.9942,0.0141,0.0079
358,25,600,1.3786,1.2711,1,1,0.5121,-0.2859,0.8125,0.9958,0.9917,0.0116,0.0076
359,26,0,1.3812,0.9803,1,1,0.1465,-0.4639,0.8594,0.9851,0.9966,0.0143,0.0099
360,26,50,1.3041,0.9456,1,1,0.7471,-0.3149,0.8594,0.993,0.9956,0.0103,0.0114
361,26,100,1.2249,0.6923,1,1,0.3696,-0.7481,0.9219,0.9938,0.9921,0.0114,0.0082
362,26,150,1.5018,0.8293,1,1,0.1974,-0.1493,0.7031,0.9915,0.9904,0.0143,0.0088
363,26,200,1.4719,1.4714,1,1,-0.043,-0.7898,0.9062,0.9818,0.9821,0.0094,0.0067
364,26,250,1.537,0.8935,1,1,0.2346,-0.183,0.7344,0.974,0.9927,0.0104,0.0077
365,26,300,1.279,0.8049,1,1,0.4279,-0.5426,0.9844,0.9948,0.9884,0.0142,0.0074
366,26,350,1.5509,0.8548,1,1,0.223,-0.1191,0.6875,0.9926,0.9949,0.0184,0.0095
367,26,400,1.581,0.8601,1,1,0.2241,-0.1665,0.7656,0.9857,0.9897,0.0139,0.007
368,26,450,1.4491,0.9007,1,1,0.0664,-0.5931,0.8125,0.9938,0.9886,0.012,0.0085
369,26,500,1.4561,0.8424,1,1,0.3606,-0.1887,0.8125,0.9836,0.997,0.0123,0.0104
370,26,550,1.3294,0.8043,1,1,0.4704,-0.2934,0.875,0.986,0.9938,0.0112,0.0089
371,26,600,1.5446,0.9581,1,1,0.342,-0.0052,0.7188,0.9938,0.9968,0.0149,0.0098
372,27,0,1.2317,1.0171,1,1,0.6817,-0.4652,0.9844,0.9964,0.9981,0.0115,0.0078
373,27,50,1.3987,0.9583,1,1,0.1789,-0.4997,0.9062,0.9955,0.9875,0.0163,0.0069
374,27,100,1.4587,1.0597,1,1,0.7186,0.0239,0.7656,0.995,0.9957,0.0133,0.0073
375,27,150,1.2504,0.895,1,1,0.7143,-0.4033,0.9375,0.9686,0.9958,0.0161,0.0115
376,27,200,1.4124,0.8815,1,1,0.2546,-0.3054,0.8594,0.9828,0.9965,0.0102,0.0068
377,27,250,1.1584,0.8404,1,1,0.4746,-0.818,0.9375,0.9818,0.9979,0.0116,0.015
378,27,300,1.4161,0.8641,1,1,0.2357,-0.3928,0.7344,0.9966,0.9982,0.0115,0.021
379,27,350,1.5162,0.9882,1,1,0.1728,-0.2442,0.7188,0.9858,0.9955,0.0118,0.0058
380,27,400,1.3567,1.0418,1,1,0.6703,-0.4107,0.8906,0.9754,0.9937,0.0141,0.0153
381,27,450,1.4365,0.8947,1,1,0.3733,-0.1483,0.875,0.9896,0.9961,0.0123,0.0123
382,27,500,1.3995,0.9893,1,1,0.0994,-0.7085,0.875,0.9917,0.9945,0.0135,0.0091
383,27,550,1.2587,0.7494,1,1,0.4572,-0.665,0.9688,0.9911,0.99,0.0126,0.0083
384,27,600,1.3971,0.8982,1,1,0.5006,-0.2292,0.7031,0.9824,0.9966,0.0137,0.0149
385,28,0,1.1757,1.0662,1,1,0.7075,-0.6303,0.9531,0.9819,0.9924,0.0117,0.0102
386,28,50,1.4738,0.8276,1,1,0.3845,-0.3095,0.75,0.9882,0.9945,0.0136,0.0093
387,28,100,1.2767,0.8996,1,1,0.5042,-0.6096,0.9531,0.9871,0.9985,0.0129,0.0071
388,28,150,1.571,1.0575,1,1,0.1185,-0.2631,0.7031,0.9856,0.9958,0.0153,0.0078
389,28,200,1.4531,0.8891,1,1,-0.0644,-0.6069,0.75,0.9789,0.9906,0.0145,0.0077
390,28,250,1.3392,0.8889,1,1,0.4089,-0.5685,0.9375,0.991,0.9851,0.0128,0.0064
391,28,300,1.4321,0.9286,1,1,0.2886,-0.2782,0.8438,0.9844,0.9969,0.0159,0.0072
392,28,350,1.6782,0.9063,1,1,0.3531,0.1529,0.5625,0.9735,0.9759,0.0149,0.0109
393,28,400,1.3881,0.7762,1,1,0.8056,-0.2621,0.8594,0.979,0.995,0.0156,0.0079
394,28,450,1.3263,0.9546,1,1,0.6245,-0.1977,0.9844,0.9804,0.9989,0.0125,0.0057
395,28,500,1.4194,0.7616,1,1,0.0971,-0.4277,0.7656,0.9654,0.9924,0.0222,0.0066
396,28,550,1.2471,0.8128,1,1,0.4325,-0.6449,0.9844,0.9861,0.9948,0.0108,0.01
397,28,600,1.318,0.8858,1,1,0.28,-0.5607,0.9688,0.9806,0.9968,0.0138,0.0064
398,29,0,1.3876,0.9689,1,1,0.2028,-0.4517,0.9062,0.97,0.9938,0.016,0.0074
399,29,50,1.4575,0.704,1,1,0.7166,-0.0558,0.8438,0.9756,0.9977,0.0196,0.008
400,29,100,1.4867,0.8436,1,1,0.2116,-0.17,0.8125,0.9884,0.9954,0.0093,0.0106
401,29,150,1.362,0.897,1,1,0.484,-0.2979,0.9375,0.9878,0.9978,0.0136,0.0179
402,29,200,1.7422,0.8901,1,1,0.0802,0.0569,0.4688,0.994,0.9955,0.0133,0.0084
403,29,250,1.519,1.0196,1,1,0.0972,-0.5078,0.7969,0.9829,0.9865,0.0139,0.0082
404,29,300,1.4296,0.8239,1,1,0.2435,-0.4655,0.7969,0.9949,0.9976,0.013,0.0082
405,29,350,1.5822,0.9973,1,1,0.0263,-0.4437,0.7188,0.9896,0.9913,0.0115,0.0154
406,29,400,1.4521,0.8776,1,1,0.3746,-0.1182,0.7656,0.9779,0.9976,0.0149,0.0158
407,29,450,1.5467,0.8383,1,1,-0.0832,-0.5059,0.6562,0.9859,0.9875,0.0135,0.017
408,29,500,1.6722,0.8955,1,1,0.0775,-0.0382,0.5156,0.98,0.9942,0.0138,0.0084
409,29,550,1.3612,1.1005,1,1,0.2128,-0.5699,0.875,0.9956,0.9981,0.0115,0.0078
410,29,600,1.5924,1.0934,1,1,0.3781,-0.1318,0.6875,0.9888,0.9958,0.0238,0.0081
411,30,0,1.751,0.7932,1,1,0.0181,0.0121,0.4844,0.9883,0.9897,0.0094,0.0081
412,30,50,1.4164,1.0854,1,1,0.2892,-0.301,0.7656,0.9885,0.9876,0.0161,0.0083
413,30,100,1.4119,0.8975,1,1,0.2549,-0.2859,0.8906,0.9825,0.9925,0.0132,0.0074
414,30,150,1.3605,0.9393,1,1,0.5134,-0.1339,0.875,0.9935,0.9965,0.0129,0.008
415,30,200,1.3584,0.8675,1,1,0.2197,-0.5743,0.7812,0.99,0.9965,0.0173,0.0063
416,30,250,1.2492,0.8033,1,1,1.0188,-0.0541,1.0,0.9793,0.9945,0.012,0.0079
417,30,300,1.3935,1.2283,1,1,0.6458,-0.0908,0.8281,0.9938,0.9959,0.0105,0.0102
418,30,350,1.2952,0.7283,1,1,0.9606,-0.0174,0.9375,0.9744,0.9987,0.0143,0.0088
419,30,400,1.5421,0.8353,1,1,0.0517,-0.214,0.6562,0.9841,0.9924,0.0109,0.0082
420,30,450,1.3904,0.7996,1,1,0.9606,0.0331,0.9062,0.9915,0.9989,0.0132,0.0095
421,30,500,1.3361,0.6414,1,1,0.3414,-0.3783,0.9375,0.9906,0.9937,0.011,0.0095
422,30,550,1.5953,0.8,1,1,0.0844,-0.3382,0.5781,0.9945,0.9901,0.0101,0.0088
423,30,600,1.2863,0.9909,1,1,0.483,-0.5256,0.9531,0.9812,0.9976,0.0165,0.0066
424,31,0,1.4287,0.8322,1,1,0.2372,-0.6593,0.8281,0.9876,0.9944,0.0156,0.007
425,31,50,1.4241,0.8285,1,1,0.5172,-0.1865,0.8438,0.9912,0.9923,0.0109,0.0069
426,31,100,1.5528,1.2573,1,1,0.4923,0.0218,0.7344,0.9703,0.993,0.0122,0.0194
427,31,150,1.2908,0.8977,1,1,0.5775,-0.4087,0.9375,0.9853,0.9986,0.0131,0.0154
428,31,200,1.2706,0.6805,1,1,0.0823,-1.0631,1.0,0.968,0.9966,0.0175,0.0156
429,31,250,1.3216,0.9498,1,1,0.725,-0.2371,0.9688,0.9861,0.9974,0.018,0.0065
430,31,300,1.1664,0.8451,1,1,0.6651,-0.634,1.0,0.9891,0.9952,0.0095,0.012
431,31,350,1.2757,0.994,1,1,0.3223,-0.6801,0.9375,0.9826,0.992,0.0121,0.0079
432,31,400,1.307,0.6685,1,1,0.4371,-0.5118,0.9375,0.9734,0.9957,0.0185,0.0093
433,31,450,1.3586,0.8651,1,1,0.219,-0.6132,0.9062,0.9901,0.9968,0.0149,0.0072
434,31,500,1.3908,0.8319,1,1,0.1341,-0.4205,0.875,0.9944,0.9907,0.0174,0.0204
435,31,550,1.6473,0.7575,1,1,0.6361,0.3746,0.6406,0.9888,0.989,0.0093,0.0121
436,31,600,1.3915,0.9113,1,1,0.5003,-0.2942,0.875,0.9924,0.9944,0.0137,0.0079
437,32,0,1.2666,0.8318,1,1,0.702,-0.3025,0.9375,0.99,0.9779,0.0112,0.0158
438,32,50,1.3144,0.9948,1,1,0.6569,-0.2365,0.9531,0.9823,0.9975,0.0164,0.0075
439,32,100,1.1824,1.1025,1,1,0.5506,-0.653,0.9844,0.9875,0.9836,0.0166,0.0129
440,32,150,1.3195,0.9089,1,1,0.6136,-0.3112,0.8438,0.9917,0.9902,0.012,0.0073
441,32,200,1.308,1.008,1,1,0.54,-0.3249,0.9375,0.9964,0.9907,0.0144,0.007
442,32,250,1.2716,1.0035,1,1,0.4003,-0.4607,0.9219,0.9768,0.9977,0.0128,0.0067
443,32,300,1.2474,0.8899,1,1,0.7015,-0.3997,0.9844,0.9864,0.9958,0.0124,0.0121
444,32,350,1.3489,0.7064,1,1,0.9258,0.0078,0.9219,0.9878,0.9949,0.0117,0.0081
445,32,400,1.278,0.9907,1,1,0.4779,-0.3922,0.8906,0.9913,0.9923,0.0098,0.0154
446,32,450,1.4078,1.0791,1,1,0.1893,-0.4843,0.8594,0.9869,0.9971,0.0092,0.0122
447,32,500,1.3617,0.7103,1,1,0.6182,-0.2708,0.9062,0.9833,0.9989,0.0148,0.0139
448,32,550,1.5856,0.8682,1,1,0.0418,-0.2465,0.6562,0.9941,0.997,0.0158,0.0058
449,32,600,1.4051,0.7341,1,1,0.2358,-0.4553,0.8594,0.9834,0.9985,0.0115,0.0074
450,33,0,1.4244,0.8069,1,1,0.4045,-0.1907,0.8281,0.9901,0.9979,0.0155,0.0074
451,33,50,1.4364,1.0121,1,1,0.4065,-0.2352,0.7969,0.9734,0.9936,0.0126,0.0095
452,33,100,1.4588,0.9294,1,1,0.0769,-0.6049,0.7812,0.9883,0.9972,0.0229,0.0076
453,33,150,1.2958,0.9809,1,1,0.7438,-0.2644,0.9688,0.983,0.998,0.0157,0.006
454,33,200,1.4603,0.7277,1,1,0.6171,-0.1299,0.8438,0.9952,0.988,0.0126,0.0064
455,33,250,1.297,1.0112,1,1,0.4381,-0.4285,0.9531,0.9784,0.9908,0.0106,0.011
456,33,300,1.3727,0.8621,1,1,0.2688,-0.4106,0.8594,0.9935,0.9988,0.0216,0.0069
457,33,350,1.3259,0.8884,1,1,0.384,-0.3777,0.8594,0.9903,0.9931,0.0106,0.0109
458,33,400,1.4377,1.1041,1,1,-0.0364,-0.6587,0.8906,0.9933,0.9965,0.0127,0.0068
459,33,450,1.4901,1.097,1,1,0.492,-0.0576,0.8281,0.9881,0.9969,0.0112,0.0085
460,33,500,1.495,0.8626,1,1,0.3467,-0.2063,0.8281,0.9753,0.9982,0.0126,0.0081
461,33,550,1.182,0.9951,1,1,0.6527,-0.6406,0.9531,0.9849,0.9933,0.01,0.0219
462,33,600,1.309,1.0786,1,1,0.3412,-0.5771,0.9531,0.996,0.9938,0.0096,0.0077
463,34,0,1.323,1.0127,1,1,0.892,-0.1283,0.875,0.9796,0.9978,0.0184,0.0144
464,34,50,1.4785,0.8792,1,1,0.2668,-0.212,0.7031,0.9796,0.9944,0.0174,0.0078
465,34,100,1.3041,1.0,1,1,0.3102,-0.5551,0.9844,0.9845,0.9894,0.0171,0.0164
466,34,150,1.2896,1.0773,1,1,0.3577,-0.7056,0.9844,0.9814,0.9914,0.0087,0.0065
467,34,200,1.3401,1.0388,1,1,0.3315,-0.6364,0.8906,0.9789,0.9748,0.0127,0.0074
468,34,250,1.1715,1.122,1,1,0.7673,-0.3782,1.0,0.9856,0.986,0.0156,0.0167
469,34,300,1.3764,0.8945,1,1,0.4489,-0.3659,0.8906,0.9706,0.993,0.0131,0.0067
470,34,350,1.232,1.1242,1,1,0.4705,-0.5061,1.0,0.9843,0.9874,0.0126,0.0063
471,34,400,1.3549,1.097,1,1,-0.0438,-0.86,0.875,0.9881,0.9985,0.012,0.0067
472,34,450,1.3718,0.7965,1,1,0.4268,-0.435,0.7344,0.9954,0.9968,0.0123,0.0086
473,34,500,1.3466,0.83,1,1,0.7674,-0.1645,0.8281,0.9896,0.9957,0.0128,0.0065
474,34,550,1.3298,0.9422,1,1,0.7255,-0.1354,1.0,0.9802,0.9987,0.011,0.0095
475,34,600,1.4845,0.8183,1,1,0.1917,-0.1634,0.75,0.9889,0.9918,0.0133,0.0082
476,35,0,1.095,0.9474,1,1,0.6901,-0.8799,0.9688,0.9919,0.9953,0.0168,0.0061
477,35,50,1.4095,0.9769,1,1,0.1626,-0.5752,0.875,0.9941,0.9971,0.0123,0.0147
478,35,100,1.4906,0.7456,1,1,0.2551,-0.3152,0.7188,0.9799,0.9953,0.0117,0.0067
479,35,150,1.2841,0.7617,1,1,0.8985,-0.2649,0.9531,0.9887,0.9952,0.0123,0.0076
480,35,200,1.3704,0.8234,1,1,0.5382,-0.1347,0.9219,0.9881,0.9967,0.0113,0.0103
481,35,250,1.2974,0.9955,1,1,0.6333,-0.332,0.9219,0.9749,0.9918,0.0129,0.0081
482,35,300,1.304,0.751,1,1,0.6048,-0.2348,0.9375,0.9661,0.9849,0.0174,0.0142
483,35,350,1.2674,0.7791,1,1,0.763,-0.287,0.9844,0.9781,0.9977,0.0128,0.0197
484,35,400,1.4122,0.8315,1,1,0.2213,-0.5044,0.8438,0.9908,0.992,0.0107,0.0108
485,35,450,1.2713,1.0794,1,1,0.259,-0.8567,0.8906,0.9882,0.9928,0.0136,0.0201
486,35,500,1.1277,0.6947,1,1,1.0593,-0.4673,0.9844,0.9835,0.995,0.0111,0.0076
487,35,550,1.4523,1.0992,1,1,0.3335,-0.2427,0.8125,0.9777,0.9926,0.0194,0.0085
488,35,600,1.4652,1.0137,1,1,0.3946,-0.3045,0.8281,0.9745,0.9932,0.0116,0.0065
489,36,0,1.2708,0.896,1,1,0.5502,-0.4163,0.9375,0.9916,0.9947,0.0169,0.0131
490,36,50,1.2813,0.8644,1,1,0.5721,-0.3431,0.9688,0.9964,0.9947,0.013,0.0086
491,36,100,1.3532,0.9563,1,1,0.7025,-0.2342,0.9062,0.9755,0.9965,0.0144,0.0089
492,36,150,1.4948,1.1593,1,1,0.13,-0.3569,0.7031,0.9904,0.9982,0.0108,0.0146
493,36,200,1.2817,0.7655,1,1,0.4238,-0.4916,0.8906,0.9865,0.998,0.009,0.0165
494,36,250,1.3316,0.739,1,1,0.3491,-0.444,0.9531,0.9829,0.9975,0.0107,0.0081
495,36,300,1.4089,1.0892,1,1,0.0811,-0.7187,0.875,0.9874,0.9964,0.0148,0.0186
496,36,350,1.2585,0.7578,1,1,0.749,-0.3699,0.9219,0.9813,0.9981,0.0133,0.0088
497,36,400,1.553,0.5993,1,1,0.1123,-0.2404,0.6875,0.9781,0.9912,0.0186,0.0066
498,36,450,1.4062,1.0083,1,1,0.5791,-0.1925,0.8125,0.9842,0.9974,0.0127,0.0134
499,36,500,1.454,0.9046,1,1,-0.0147,-0.4635,0.8281,0.9905,0.9963,0.0105,0.0068
500,36,550,1.3477,0.9333,1,1,0.653,-0.2777,0.7812,0.9898,0.9979,0.0116,0.007
501,36,600,1.2482,0.8896,1,1,0.6711,-0.4268,0.9062,0.9882,0.9934,0.0098,0.0138
502,37,0,1.3257,0.9467,1,1,0.5287,-0.2696,0.8438,0.9907,0.9965,0.0146,0.0068
503,37,50,1.3124,1.0006,1,1,0.3767,-0.5626,0.9219,0.9735,0.9894,0.0112,0.0077
504,37,100,1.4143,1.3123,1,1,0.2022,-0.5112,0.7656,0.9798,0.998,0.0203,0.0129
505,37,150,1.4461,0.789,1,1,0.3874,-0.214,0.8125,0.9921,0.9881,0.0132,0.0064
506,37,200,1.5582,0.942,1,1,0.5522,0.057,0.7188,0.973,0.9948,0.0148,0.011
507,37,250,1.2672,0.8031,1,1,0.2731,-0.8667,1.0,0.9871,0.9892,0.0192,0.0067
508,37,300,1.3941,0.8332,1,1,0.2553,-0.3842,0.8438,0.9945,0.9968,0.0142,0.0159
509,37,350,1.4707,0.8462,1,1,0.0741,-0.363,0.8594,0.9856,0.9913,0.0092,0.0081
510,37,400,1.3444,0.9237,1,1,0.1765,-0.6298,0.9062,0.9807,0.9859,0.0088,0.0086
511,37,450,1.2829,1.0933,1,1,0.3695,-0.481,1.0,0.9813,0.9958,0.01,0.0081
512,37,500,1.6799,1.1103,1,1,-0.1745,-0.2104,0.4531,0.984,0.9883,0.0107,0.0071
513,37,550,1.4171,0.8736,1,1,0.1885,-0.4649,0.7812,0.9874,0.9916,0.0146,0.0133
514,37,600,1.3319,0.769,1,1,0.3789,-0.5736,0.8594,0.974,0.9862,0.0138,0.0099
515,38,0,1.5799,0.9429,1,1,0.1931,-0.1018,0.7656,0.9936,0.9986,0.0138,0.0161
516,38,50,1.1693,1.4297,1,1,0.314,-1.073,1.0,0.9842,0.9952,0.0131,0.0067
517,38,100,1.2689,0.8135,1,1,0.3046,-0.6529,0.9844,0.9914,0.9917,0.017,0.0066
518,38,150,1.3255,0.9123,1,1,0.4388,-0.2613,0.9062,0.9869,0.9987,0.0119,0.0082
519,38,200,1.5116,1.0447,1,1,-0.0177,-0.4343,0.875,0.9883,0.9959,0.015,0.0112
520,38,250,1.4169,0.8038,1,1,0.7339,-0.0655,0.9219,0.9803,0.9901,0.0109,0.0176
521,38,300,1.3745,0.9427,1,1,0.3534,-0.3745,0.7656,0.98,0.9966,0.0163,0.0062
522,38,350,1.3341,0.8664,1,1,0.1044,-0.6325,0.8906,0.9746,0.9952,0.0153,0.0067
523,38,400,1.4696,0.754,1,1,0.3528,-0.1768,0.7969,0.986,0.9967,0.0149,0.0162
524,38,450,1.2941,1.1481,1,1,0.3892,-0.5486,0.9062,0.9921,0.999,0.0183,0.0059
525,38,500,1.4909,0.9015,1,1,0.1205,-0.4119,0.75,0.9876,0.9927,0.0117,0.0109
526,38,550,1.4082,0.8535,1,1,0.3146,-0.324,0.8281,0.9871,0.9909,0.0134,0.0109
527,38,600,1.5117,1.0193,1,1,0.198,-0.115,0.7344,0.9869,0.9972,0.0128,0.015
528,39,0,1.2941,0.7182,2,1,0.6971,-0.3274,0.8906,0.9796,0.9925,0.0118,0.0141
529,39,50,1.3502,0.8792,1,1,0.5378,-0.3423,0.8594,0.9884,0.997,0.0125,0.0062
530,39,100,1.3633,0.9875,1,1,0.1892,-0.5213,0.8906,0.9822,0.9985,0.0128,0.0163
531,39,150,1.3443,1.0417,1,1,0.2711,-0.4992,0.9219,0.9853,0.9968,0.0113,0.0161
532,39,200,1.4333,0.9572,1,1,0.7569,0.0594,0.9688,0.98,0.9964,0.013,0.0064
533,39,250,1.2646,0.8045,1,1,0.4975,-0.419,0.9375,0.9803,0.994,0.0108,0.0122
534,39,300,1.5035,1.2095,1,1,0.1973,-0.1904,0.7812,0.9913,0.9961,0.0105,0.0157
535,39,350,1.5025,0.8947,1,1,0.0121,-0.5038,0.6875,0.9744,0.9916,0.0156,0.0076
536,39,400,1.2718,1.0979,1,1,0.4498,-0.4589,0.9062,0.9822,0.9963,0.0132,0.0173
537,39,450,1.3908,0.8656,1,1,-0.0846,-0.8309,0.8906,0.9935,0.9905,0.0184,0.0062
538,39,500,1.3085,0.6089,1,1,0.7087,-0.1891,0.875,0.9898,0.9945,0.0086,0.01
539,39,550,1.4432,1.1168,1,1,0.6261,-0.1177,0.75,0.9915,0.996,0.017,0.0102
540,39,600,1.4615,0.9179,1,1,0.0773,-0.523,0.6562,0.9896,0.9985,0.0139,0.0181
541,40,0,1.5022,0.8729,1,1,0.1258,-0.2881,0.7188,0.9693,0.9964,0.0183,0.0122
542,40,50,1.2692,0.8732,1,1,0.2492,-0.6631,0.9531,0.9942,0.9916,0.0127,0.0189
543,40,100,1.453,0.9096,1,1,0.4025,-0.1738,0.8438,0.9785,0.9944,0.0161,0.0164
544,40,150,1.4838,0.808,1,1,0.5439,0.0571,0.7969,0.9727,0.9956,0.0213,0.0088
545,40,200,1.4843,1.094,1,1,0.3152,-0.2893,0.7188,0.9941,0.9949,0.0115,0.0064
546,40,250,1.3549,0.8584,1,1,0.4024,-0.4142,0.875,0.9861,0.9943,0.0134,0.0096
547,40,300,1.2994,0.9596,1,1,0.2132,-0.6226,0.9844,0.9858,0.9938,0.0126,0.0083
548,40,350,1.2634,0.8907,1,1,0.7047,-0.2875,0.9062,0.9811,0.9909,0.0197,0.0091
549,40,400,1.4976,0.8358,1,1,-0.0651,-0.5061,0.8438,0.9834,0.9959,0.0085,0.008
550,40,450,1.2647,0.925,1,1,0.4982,-0.5437,0.8906,0.9649,0.9933,0.0119,0.0065
551,40,500,1.1678,0.8898,1,1,0.4921,-0.6495,1.0,0.9708,0.9759,0.0148,0.0105
552,40,550,1.3477,0.804,1,1,0.3256,-0.4138,0.8438,0.9856,0.9891,0.01,0.0125
553,40,600,1.2127,1.0656,1,1,0.6207,-0.5134,0.9688,0.9868,0.9932,0.0132,0.0104
554,41,0,1.4976,0.9523,1,1,0.2502,-0.231,0.7344,0.9934,0.9931,0.0116,0.0082
555,41,50,1.4037,0.9002,1,1,0.4268,-0.2042,0.875,0.9682,0.9968,0.0105,0.0126
556,41,100,1.6453,1.1816,1,1,-0.3459,-0.4784,0.5781,0.9938,0.9869,0.0126,0.0071
557,41,150,1.3695,1.1866,1,1,0.2158,-0.6564,0.8438,0.9817,0.9973,0.0126,0.0062
558,41,200,1.3214,0.9209,1,1,0.7152,-0.1972,0.875,0.9847,0.9909,0.0119,0.0115
559,41,250,1.463,0.8614,1,1,0.0561,-0.4918,0.7812,0.986,0.9835,0.0116,0.0079
560,41,300,1.6963,1.1576,1,1,0.1672,0.1356,0.5312,0.9933,0.998,0.0128,0.0074
561,41,350,1.2143,1.0993,1,1,0.3023,-0.7322,0.9844,0.9865,0.9957,0.0114,0.0142
562,41,400,1.373,0.8816,1,1,0.2877,-0.5913,0.7969,0.991,0.9974,0.0118,0.0091
563,41,450,1.3064,0.7554,1,1,0.7913,-0.1205,0.8594,0.9806,0.9977,0.0119,0.0058
564,41,500,1.1796,0.7608,1,1,0.7513,-0.3366,1.0,0.9902,0.988,0.0124,0.026
565,41,550,1.4692,1.108,1,1,0.1623,-0.356,0.75,0.9811,0.9949,0.015,0.0063
566,41,600,1.3552,0.9655,1,1,0.1758,-0.6375,0.8594,0.9743,0.9966,0.0142,0.006
567,42,0,1.2657,0.8604,1,1,0.6963,-0.2799,0.9219,0.9806,0.9976,0.0161,0.0069
568,42,50,1.3215,0.9436,1,1,0.4189,-0.2891,0.875,0.9905,0.9938,0.0126,0.0076
569,42,100,1.2755,0.9202,1,1,0.3592,-0.5506,1.0,0.986,0.9894,0.0197,0.0067
570,42,150,1.4906,1.1169,1,1,0.0414,-0.4528,0.7188,0.9976,0.9975,0.0097,0.007
571,42,200,1.6513,0.7554,1,1,0.1252,-0.1052,0.6562,0.9625,0.9907,0.0122,0.0078
572,42,250,1.4137,0.8812,1,1,0.1565,-0.4337,0.8594,0.9915,0.9948,0.0163,0.0153
573,42,300,1.2419,0.6599,1,1,0.8318,-0.3379,0.9688,0.994,0.9973,0.0124,0.0111
574,42,350,1.2177,0.8028,1,1,0.4065,-0.6844,0.9531,0.9818,0.9898,0.0256,0.008
575,42,400,1.2518,0.6967,1,1,0.6975,-0.3401,0.9531,0.9905,0.9958,0.0123,0.0205
576,42,450,1.5169,1.2019,1,1,-0.2643,-0.7704,0.7344,0.9736,0.9907,0.0217,0.0073
577,42,500,1.2392,0.6667,1,1,0.4674,-0.5062,0.9219,0.9901,0.9891,0.0182,0.0136
578,42,550,1.5751,0.8492,1,1,0.0597,-0.2188,0.5781,0.9863,0.9953,0.0166,0.008
579,42,600,1.1653,1.1621,1,1,0.3399,-0.8734,1.0,0.9802,0.981,0.0118,0.0097
580,43,0,1.4294,1.0194,1,1,0.1126,-0.4303,0.75,0.9916,0.9978,0.0131,0.013
581,43,50,1.5116,1.0001,1,1,-0.2684,-0.7415,0.8125,0.9888,0.9947,0.0139,0.0079
582,43,100,1.2913,1.1036,1,1,0.6773,-0.4357,0.875,0.9837,0.996,0.0167,0.0063
583,43,150,1.5259,1.0703,1,1,0.4143,-0.0655,0.6562,0.9923,0.9963,0.0111,0.0081
584,43,200,1.2819,1.1904,1,1,0.2088,-0.7135,0.9219,0.9835,0.9971,0.0116,0.0169
585,43,250,1.328,0.9098,1,1,0.5129,-0.3693,0.9844,0.9925,0.9935,0.01,0.006
586,43,300,1.1873,0.8909,1,1,0.7067,-0.358,0.9844,0.9854,0.9985,0.0141,0.0298
587,43,350,1.1784,1.0489,1,1,0.6607,-0.6647,0.9688,0.9767,0.9945,0.0123,0.018
588,43,400,1.1513,0.9707,1,1,0.768,-0.4749,0.8906,0.9871,0.9917,0.0109,0.0086
589,43,450,1.1501,0.9491,1,1,0.848,-0.4514,0.9844,0.9907,0.998,0.0118,0.0121
590,43,500,1.3288,0.8841,1,1,0.9246,-0.0724,1.0,0.9891,0.9981,0.0112,0.0164
591,43,550,1.3284,0.8374,1,1,0.3681,-0.39,0.9375,0.9825,0.9931,0.0124,0.008
592,43,600,1.2136,0.9375,1,1,0.4077,-0.6657,1.0,0.9927,0.9982,0.0202,0.0144
593,44,0,1.1816,0.7139,1,1,0.7368,-0.5628,0.9375,0.9969,0.9942,0.0113,0.012
594,44,50,1.5478,0.9603,1,1,0.2058,0.0014,0.7031,0.9872,0.9962,0.0154,0.0107
595,44,100,1.4207,1.0099,1,1,-0.0793,-0.6907,0.9062,0.9923,0.9978,0.0106,0.0179
596,44,150,1.6297,1.0513,1,1,-0.266,-0.5096,0.6562,0.9936,0.9957,0.0167,0.006
597,44,200,1.1924,0.8715,1,1,0.4616,-0.6249,0.9688,0.9801,0.9956,0.0093,0.0094
598,44,250,1.1276,0.9582,1,1,0.7681,-0.5888,0.9688,0.9667,0.9954,0.0108,0.0083
599,44,300,1.1674,0.9566,1,1,0.4017,-0.815,1.0,0.9806,0.9975,0.0116,0.0065
600,44,350,1.4094,0.8782,1,1,0.3945,-0.1418,0.75,0.9838,0.9963,0.0151,0.0228
601,44,400,1.429,0.9223,1,1,0.1885,-0.2493,0.9219,0.9749,0.9924,0.0129,0.0066
602,44,450,1.4786,0.8157,1,1,0.2299,-0.1799,0.7812,0.9775,0.9958,0.013,0.011
603,44,500,1.1892,0.7723,1,1,0.6847,-0.4792,0.9688,0.9875,0.9916,0.0169,0.0103
604,44,550,1.279,1.0039,1,1,0.3978,-0.4691,0.9531,0.9908,0.9962,0.0125,0.0088
605,44,600,1.4475,1.0118,1,1,-0.0549,-0.5926,0.7031,0.9886,0.9956,0.0194,0.0095
606,45,0,1.2898,1.0236,1,1,0.4609,-0.4945,0.9688,0.9787,0.9955,0.0098,0.0085
607,45,50,1.4571,0.9299,1,1,0.4107,-0.1275,0.7656,0.9754,0.9907,0.0096,0.0168
608,45,100,1.5213,1.1874,1,1,0.1143,-0.1754,0.7031,0.9896,0.9945,0.0109,0.0124
609,45,150,1.3407,1.4258,1,1,0.3403,-0.5407,0.8438,0.9838,0.994,0.0144,0.018
610,45,200,1.4351,1.027,1,1,0.4328,-0.1895,0.7031,0.9816,0.9967,0.0162,0.0099
611,45,250,1.2201,0.9382,1,1,0.4755,-0.5519,0.8906,0.9915,0.9949,0.0136,0.0161
612,45,300,1.1356,1.0418,1,1,0.5394,-0.7014,1.0,0.9795,0.9979,0.0146,0.0147
613,45,350,1.4202,0.8965,1,1,0.3502,-0.2028,0.7812,0.9868,0.9939,0.0183,0.0087
614,45,400,1.3482,1.1421,1,1,-0.0478,-0.8097,0.8906,0.988,0.9847,0.0107,0.0075
615,45,450,1.3118,1.0246,1,1,0.3033,-0.4706,0.9375,0.991,0.9975,0.0126,0.0099
616,45,500,1.3142,1.0439,1,1,0.391,-0.4451,0.9844,0.9915,0.9945,0.012,0.0151
617,45,550,1.134,1.0911,1,1,0.8658,-0.4755,1.0,0.9826,0.9976,0.0127,0.0157
618,45,600,1.3166,1.0207,1,1,0.1757,-0.6388,0.9219,0.9896,0.9937,0.0146,0.011
619,46,0,1.1077,1.0106,1,1,0.529,-0.9294,1.0,0.989,0.9974,0.0116,0.0085
620,46,50,1.2622,0.7883,1,1,0.5064,-0.4295,0.8906,0.9808,0.9964,0.0201,0.0126
621,46,100,1.3334,1.1792,1,1,0.2624,-0.3981,0.9688,0.9749,0.9909,0.0141,0.015
622,46,150,0.9794,0.8839,1,1,0.9984,-0.6742,1.0,0.9932,0.9962,0.0172,0.0107
623,46,200,1.1684,0.9328,1,1,0.7645,-0.4725,0.9219,0.9969,0.9978,0.0085,0.0067
624,46,250,1.3029,0.9766,1,1,0.7379,-0.3005,0.8906,0.9952,0.9977,0.0104,0.0071
625,46,300,1.288,0.9965,1,1,0.4778,-0.4614,0.875,0.9798,0.9975,0.0162,0.013
626,46,350,1.47,0.8754,1,1,0.5287,0.0414,0.7344,0.9964,0.9952,0.0166,0.0076
627,46,400,1.4626,1.1012,1,1,-0.0226,-0.7048,0.8438,0.9936,0.9963,0.0107,0.0055
628,46,450,1.2794,1.0534,1,1,0.6492,-0.326,0.9062,0.9773,0.9861,0.0142,0.009
629,46,500,1.3508,0.778,1,1,0.7808,-0.1466,0.875,0.9856,0.9976,0.0124,0.0089
630,46,550,1.5124,1.0424,1,1,0.2765,-0.2435,0.7188,0.984,0.9964,0.0142,0.0088
631,46,600,1.159,0.8807,1,1,0.8582,-0.4463,1.0,0.9708,0.994,0.0114,0.0106
632,47,0,1.2924,0.8802,1,1,0.6772,-0.2232,0.9375,0.9834,0.9935,0.0135,0.0082
633,47,50,1.4444,0.8675,1,1,0.1071,-0.336,0.8438,0.9857,0.9971,0.0121,0.0135
634,47,100,1.2148,0.7952,1,1,0.7762,-0.3908,0.9062,0.9806,0.9976,0.0105,0.0086
635,47,150,1.3222,0.8843,1,1,0.5036,-0.3184,0.9062,0.9944,0.9972,0.0129,0.0059
636,47,200,1.2659,0.9679,1,1,0.3681,-0.6735,0.8594,0.9946,0.9983,0.022,0.009
637,47,250,1.2871,0.9715,1,1,0.3955,-0.4685,0.875,0.9744,0.9924,0.0194,0.0084
638,47,300,1.7359,1.0231,1,1,-0.0673,0.0222,0.5938,0.992,0.9962,0.0091,0.0088
639,47,350,1.1562,0.8872,1,1,0.5228,-0.784,1.0,0.9821,0.9963,0.0133,0.0074
640,47,400,1.185,0.9116,1,1,0.6284,-0.4272,0.9375,0.9925,0.9883,0.0136,0.0098
641,47,450,1.1417,1.0002,1,1,0.6066,-0.6057,1.0,0.9961,0.995,0.0144,0.0136
642,47,500,1.126,1.1133,1,1,0.8233,-0.4931,0.9844,0.9854,0.991,0.0148,0.0062
643,47,550,1.5317,0.9374,1,1,0.1821,-0.2994,0.6562,0.9791,0.9942,0.0134,0.02
644,47,600,1.2712,0.8439,1,1,0.7145,-0.2733,0.9219,0.988,0.9985,0.0125,0.0054
645,48,0,1.2405,0.8424,1,1,0.6237,-0.3571,0.9688,0.9968,0.989,0.0109,0.0063
646,48,50,1.3178,0.9644,1,1,0.4939,-0.3153,0.9375,0.9793,0.9966,0.0172,0.0095
647,48,100,1.3576,0.9727,1,1,0.5047,-0.2525,0.8125,0.9759,0.9743,0.0114,0.0082
648,48,150,1.4752,0.705,1,1,0.4678,-0.049,0.7969,0.9907,0.9987,0.0172,0.0088
649,48,200,1.4717,0.9851,1,1,0.3221,-0.113,0.8438,0.9895,0.9959,0.0135,0.0115
650,48,250,1.1479,0.9826,1,1,0.4563,-0.7307,1.0,0.9824,0.9959,0.0111,0.006
651,48,300,1.3536,1.0608,1,1,0.2437,-0.4236,0.9062,0.9915,0.998,0.014,0.0076
652,48,350,1.1323,1.0944,1,1,0.8023,-0.5894,1.0,0.9872,0.9942,0.0135,0.0076
653,48,400,1.242,0.7175,1,1,0.7023,-0.4,0.875,0.9955,0.989,0.0158,0.007
654,48,450,1.4496,1.1081,1,1,0.4455,0.0138,0.8125,0.9881,0.9929,0.0108,0.0139
655,48,500,1.1588,0.9681,1,1,0.3985,-0.9403,0.9844,0.9933,0.9978,0.0136,0.0073
656,48,550,1.3027,0.9757,1,1,0.5858,-0.2031,0.9531,0.9825,0.9966,0.0212,0.0081
657,48,600,1.3491,0.7183,1,1,0.146,-0.5365,0.8438,0.9857,0.9943,0.009,0.0072
658,49,0,1.223,0.8605,1,1,0.5675,-0.4329,0.9688,0.9952,0.9969,0.0137,0.0096
659,49,50,1.4396,0.8007,1,1,0.0231,-0.4455,0.7812,0.9901,0.9938,0.0139,0.0092
660,49,100,1.2745,0.8701,1,1,0.4902,-0.3387,0.9219,0.9868,0.9923,0.0228,0.0056
661,49,150,1.3116,0.8708,1,1,0.4378,-0.2118,0.9062,0.9927,0.9879,0.0142,0.0112
662,49,200,1.6414,0.7227,1,1,0.0249,-0.1705,0.5938,0.9881,0.998,0.0136,0.0123
663,49,250,1.2428,1.1068,1,1,0.3444,-0.658,0.9219,0.9796,0.9903,0.0149,0.0093
664,49,300,1.299,0.8966,1,1,0.3309,-0.45,0.9062,0.9893,0.9834,0.01,0.0079
665,49,350,1.3067,0.938,1,1,0.4865,-0.3563,0.8594,0.9951,0.9892,0.0133,0.0079
666,49,400,1.2628,0.9596,1,1,0.4035,-0.5972,0.9219,0.994,0.9894,0.0122,0.0091
667,49,450,1.2853,0.7803,1,1,0.513,-0.3731,0.875,0.9917,0.9979,0.0145,0.0073
668,49,500,1.2632,0.926,1,1,0.327,-0.6065,0.9062,0.9751,0.9963,0.0169,0.0135
669,49,550,1.3252,0.9583,1,1,0.3015,-0.4831,0.8906,0.9925,0.9962,0.0101,0.0113
670,49,600,1.518,0.9467,1,1,0.2612,-0.1163,0.6406,0.9909,0.993,0.0094,0.0122
671,50,0,1.3304,0.8463,1,1,0.172,-0.6112,0.9375,0.9876,0.9949,0.0124,0.0065
672,50,50,1.082,1.0489,1,1,0.7148,-0.8168,1.0,0.9878,0.9904,0.0145,0.007
673,50,100,1.4195,0.9443,1,1,0.1235,-0.4372,0.8438,0.9912,0.9926,0.0196,0.0185
674,50,150,1.4209,0.9482,1,1,0.7739,0.0884,0.8906,0.9886,0.9903,0.0142,0.0081
675,50,200,1.235,1.0989,1,1,0.448,-0.6232,1.0,0.9954,0.9969,0.0106,0.0067
676,50,250,1.2301,0.7589,1,1,0.4,-0.5732,0.9219,0.9894,0.9903,0.0138,0.006
677,50,300,1.3364,0.9428,1,1,0.1138,-0.6135,0.8438,0.9869,0.9952,0.0133,0.0067
678,50,350,1.2457,0.6868,1,1,0.5416,-0.4202,0.9375,0.9824,0.9915,0.0139,0.0087
679,50,400,1.3086,0.8806,1,1,0.3692,-0.4888,0.8281,0.9908,0.9964,0.0127,0.0094
680,50,450,1.2673,0.765,1,1,0.7601,-0.3985,0.9375,0.9917,0.9921,0.0106,0.0139
681,50,500,1.2684,0.9243,1,1,0.6766,-0.3331,0.8906,0.9951,0.9876,0.0156,0.0122
682,50,550,1.2322,1.0173,1,1,0.4482,-0.4957,0.9688,0.9894,0.9942,0.0109,0.0092
683,50,600,1.1276,0.9833,1,1,0.6346,-0.7108,0.9844,0.9799,0.9926,0.0135,0.0091
684,51,0,1.244,0.7267,1,1,0.5418,-0.4595,0.9688,0.992,0.9977,0.0105,0.0106
685,51,50,1.3637,0.976,1,1,0.5626,-0.1355,0.8594,0.9861,0.9916,0.0112,0.0075
686,51,100,1.4273,1.0266,1,1,0.1505,-0.3416,0.8281,0.9915,0.9966,0.0146,0.0083
687,51,150,1.2049,0.9916,1,1,0.2375,-0.8031,1.0,0.9849,0.9989,0.0102,0.0081
688,51,200,1.2122,1.0525,1,1,0.4604,-0.5315,0.9062,0.99,0.9964,0.0168,0.0069
689,51,250,1.3456,0.7982,1,1,0.499,-0.2606,0.8906,0.9876,0.997,0.0166,0.0089
690,51,300,1.2668,1.1112,1,1,0.4052,-0.5246,0.9375,0.9804,0.9981,0.0099,0.0101
691,51,350,1.3085,1.3113,1,1,0.2622,-0.5919,0.8906,0.9862,0.99,0.0134,0.0082
692,51,400,1.2685,1.3427,1,1,0.3721,-0.6106,0.8438,0.9934,0.9882,0.0126,0.0087
693,51,450,1.2616,0.9527,1,1,0.0728,-0.9566,0.9062,0.9863,0.9984,0.0189,0.0134
694,51,500,1.3429,1.0931,1,1,0.2685,-0.4291,0.8438,0.9869,0.9956,0.0127,0.0065
695,51,550,1.3654,0.936,1,1,0.4134,-0.2714,0.8438,0.9825,0.9938,0.0168,0.0125
696,51,600,1.3151,0.8995,1,1,0.5079,-0.4045,0.9688,0.9898,0.9966,0.0148,0.0143
697,52,0,1.2312,0.8256,1,1,0.8745,-0.1682,0.9688,0.9959,0.9953,0.0126,0.0067
698,52,50,1.231,0.986,1,1,0.6553,-0.2971,0.9531,0.9945,0.9954,0.0138,0.0091
699,52,100,1.1937,1.0362,1,1,0.2937,-0.8358,0.9688,0.9823,0.9948,0.0107,0.007
700,52,150,1.5224,1.0296,1,1,0.3075,-0.0413,0.7031,0.9886,0.9976,0.0131,0.0091
701,52,200,1.1858,1.034,1,1,0.4964,-0.504,0.9844,0.9701,0.9933,0.0114,0.0137
702,52,250,1.1092,0.805,1,1,0.7348,-0.5507,1.0,0.9921,0.9939,0.0115,0.0059
703,52,300,1.3304,1.0728,1,1,0.3421,-0.3359,0.8438,0.9948,0.9964,0.0145,0.0062
704,52,350,1.2978,0.7684,1,1,0.4454,-0.485,0.9219,0.9829,0.9926,0.0136,0.0078
705,52,400,1.3655,1.0242,1,1,0.6007,-0.2441,0.9062,0.9914,0.9955,0.0169,0.01
706,52,450,1.067,1.0722,1,1,1.1433,-0.4045,0.9844,0.9921,0.9957,0.0124,0.0116
707,52,500,1.3927,0.9928,1,1,0.4059,-0.2836,0.875,0.9936,0.9982,0.0105,0.0086
708,52,550,1.324,0.8972,1,1,0.7059,-0.3872,0.875,0.986,0.996,0.0175,0.0076
709,52,600,1.1656,0.9751,1,1,0.4939,-0.6725,0.9531,0.9746,0.9957,0.0129,0.0095
710,53,0,1.1621,0.9251,1,1,0.5332,-0.6491,0.9844,0.985,0.9971,0.0094,0.0065
711,53,50,1.2075,1.2141,1,1,0.3616,-0.6938,0.9375,0.9854,0.9957,0.0161,0.01
712,53,100,1.1464,1.1545,1,1,0.4503,-0.8837,0.9375,0.9888,0.9971,0.0102,0.0144
713,53,150,1.2124,1.0456,1,1,0.6991,-0.427,0.9375,0.986,0.9979,0.0116,0.0095
714,53,200,1.2291,0.9743,1,1,0.6143,-0.3644,0.9844,0.9898,0.994,0.0101,0.0108
715,53,250,1.5617,0.8831,1,1,0.4478,0.1186,0.6719,0.9875,0.9944,0.0088,0.0124
716,53,300,1.1329,0.7662,1,1,0.4831,-0.7584,1.0,0.9828,0.997,0.0104,0.0071
717,53,350,1.0495,1.0112,1,1,0.7091,-0.8526,1.0,0.9883,0.9952,0.0133,0.0064
718,53,400,1.4279,0.7697,1,1,0.3512,-0.3438,0.8438,0.979,0.9923,0.0132,0.0138
719,53,450,1.2135,0.8382,1,1,0.7166,-0.4352,0.9531,0.9909,0.9949,0.0137,0.0074
720,53,500,1.33,0.739,1,1,0.3039,-0.6037,0.875,0.9955,0.9969,0.0148,0.0091
721,53,550,1.3857,0.7893,1,1,0.3881,-0.3487,0.8594,0.9853,0.9908,0.0129,0.0075
722,53,600,1.4442,0.9068,1,1,0.7218,0.1299,0.8594,0.9859,0.9938,0.0129,0.0109
723,54,0,1.1281,0.8436,1,1,0.92,-0.5094,1.0,0.9859,0.9961,0.0118,0.0079
724,54,50,1.1643,0.9716,1,1,0.5294,-0.621,0.9531,0.9907,0.9989,0.0155,0.0213
725,54,100,1.4241,1.0073,1,1,0.3329,-0.3007,0.7969,0.9856,0.9924,0.0122,0.0131
726,54,150,1.1169,0.8622,1,1,0.9934,-0.4695,0.9844,0.9964,0.9895,0.011,0.0091
727,54,200,1.2481,0.9791,1,1,0.4713,-0.523,0.9375,0.9932,0.9978,0.0134,0.0084
728,54,250,1.201,0.884,1,1,0.7257,-0.3201,0.9531,0.9972,0.9988,0.0109,0.0086
729,54,300,1.2876,0.8702,1,1,0.2833,-0.5289,0.9531,0.9856,0.9888,0.0189,0.0146
730,54,350,1.2887,0.899,1,1,0.3987,-0.4844,0.8906,0.9897,0.9953,0.0107,0.008
731,54,400,1.2305,1.1798,1,1,0.4586,-0.5516,0.9375,0.9683,0.9919,0.0107,0.0164
732,54,450,1.2539,0.8645,1,1,0.2357,-0.7336,0.9219,0.9834,0.9965,0.0169,0.0077
733,54,500,1.141,0.8717,1,1,0.7979,-0.6416,1.0,0.9805,0.9983,0.0109,0.0078
734,54,550,1.3882,1.2092,1,1,0.239,-0.4268,0.875,0.9939,0.9969,0.0101,0.0113
735,54,600,1.483,0.9164,1,1,0.1918,-0.3136,0.7656,0.9839,0.9963,0.0164,0.0167
736,55,0,1.2999,0.7062,1,1,1.1358,0.1135,0.9375,0.9841,0.9935,0.0174,0.008
737,55,50,1.475,1.1964,1,1,0.4329,-0.0387,0.7812,0.9964,0.9895,0.0098,0.006
738,55,100,1.276,0.9862,1,1,0.5314,-0.2537,0.9375,0.9936,0.9975,0.0129,0.0104
739,55,150,1.23,0.7555,1,1,0.8699,-0.1767,0.9531,0.9778,0.9848,0.0124,0.0092
740,55,200,1.2674,0.9633,1,1,0.2253,-0.6022,0.9219,0.9833,0.9949,0.0125,0.0176
741,55,250,1.3225,1.0852,1,1,0.3539,-0.3932,0.8125,0.9959,0.9957,0.0099,0.0089
742,55,300,1.4248,0.8495,1,1,-0.0166,-0.4363,0.9375,0.9802,0.9951,0.0124,0.0081
743,55,350,1.2857,1.0731,1,1,0.2941,-0.5493,0.9219,0.9716,0.9981,0.0125,0.0075
744,55,400,1.4652,0.9673,1,1,0.1637,-0.3433,0.7656,0.9907,0.9979,0.0194,0.0075
745,55,450,1.3607,0.9919,1,1,0.0367,-0.5132,0.9375,0.9869,0.997,0.0155,0.0059
746,55,500,1.2364,0.9983,1,1,0.5495,-0.5195,0.875,0.9834,0.992,0.011,0.0075
747,55,550,1.3727,1.1071,1,1,0.2066,-0.5878,0.7969,0.993,0.9857,0.0108,0.0105
748,55,600,1.3062,0.798,1,1,0.2565,-0.4511,0.9375,0.9848,0.9963,0.0157,0.011
749,56,0,1.3562,0.709,1,1,0.2516,-0.4008,0.7656,0.9669,0.9958,0.0194,0.0155
750,56,50,1.1871,1.0486,1,1,0.6848,-0.4007,0.9375,0.9814,0.9868,0.0143,0.0077
751,56,100,1.182,1.0101,1,1,0.5264,-0.683,0.9688,0.9839,0.9964,0.012,0.0076
752,56,150,1.2072,1.022,1,1,0.7063,-0.3591,0.8906,0.9881,0.9961,0.0165,0.0079
753,56,200,1.2471,0.8339,1,1,0.3628,-0.4829,0.9219,0.9754,0.996,0.0114,0.0072
754,56,250,1.2436,0.9406,1,1,0.725,-0.3573,0.9375,0.9792,0.9964,0.0128,0.0099
755,56,300,1.1774,1.0059,1,1,0.512,-0.5161,0.9844,0.9916,0.9986,0.01,0.0131
756,56,350,1.3328,1.0574,1,1,0.2933,-0.5952,0.8906,0.9815,0.99,0.0154,0.0095
757,56,400,1.2562,0.7981,1,1,0.8392,-0.2567,0.9375,0.9885,0.9974,0.0131,0.0153
758,56,450,1.4068,1.006,1,1,0.1946,-0.2285,0.7812,0.9833,0.9975,0.0096,0.0064
759,56,500,1.1723,0.8016,1,1,0.5478,-0.5863,1.0,0.9879,0.9947,0.0144,0.0063
760,56,550,1.2991,1.1365,1,1,0.2227,-0.6485,0.8906,0.9834,0.9966,0.0172,0.0167
761,56,600,1.2523,1.2329,1,1,0.3005,-0.5801,0.9688,0.99,0.9974,0.0106,0.0147
762,57,0,1.1689,1.0543,1,1,0.4888,-0.6088,0.9219,0.9826,0.9964,0.0108,0.0066
763,57,50,1.2286,1.0926,1,1,0.7668,-0.3507,1.0,0.9827,0.9985,0.0154,0.0161
764,57,100,1.273,1.2271,1,1,0.071,-0.8502,0.9375,0.9946,0.9979,0.0142,0.0092
765,57,150,1.3907,0.9621,1,1,-0.062,-0.6762,0.8906,0.9968,0.9878,0.0099,0.0076
766,57,200,1.2413,1.0895,1,1,0.7339,-0.2524,0.9844,0.9877,0.9966,0.0084,0.0102
767,57,250,1.1706,0.9421,1,1,0.9704,-0.3123,0.9844,0.9908,0.9937,0.0138,0.009
768,57,300,1.4234,1.0073,1,1,0.3087,-0.2189,0.7812,0.9742,0.9903,0.0112,0.009
769,57,350,1.4778,1.0029,1,1,0.0306,-0.5361,0.7344,0.9867,0.9981,0.0105,0.0107
770,57,400,1.1911,0.8021,1,1,0.6821,-0.5084,0.9375,0.9723,0.9968,0.0217,0.0093
771,57,450,1.2532,1.0759,1,1,0.8236,-0.3143,0.9531,0.9803,0.9973,0.0136,0.0071
772,57,500,1.3329,1.0401,1,1,0.3615,-0.3468,0.8594,0.9881,0.9979,0.0169,0.0075
773,57,550,1.2418,1.0082,1,1,0.386,-0.7015,0.9062,0.9936,0.9923,0.0106,0.0085
774,57,600,1.2632,1.0524,1,1,0.4124,-0.5408,0.9531,0.9946,0.9926,0.0101,0.0075
775,58,0,1.074,0.7974,1,1,0.7053,-0.5872,1.0,0.9871,0.991,0.0186,0.01
776,58,50,1.2516,0.9689,1,1,0.2651,-0.7721,0.9688,0.9826,0.9885,0.0113,0.0202
777,58,100,1.4278,0.8351,1,1,-0.035,-0.5038,0.8438,0.9807,0.9967,0.0136,0.0136
778,58,150,1.234,1.119,1,1,0.2714,-0.6061,1.0,0.9873,0.9963,0.0127,0.0171
779,58,200,1.049,1.2615,1,1,0.6595,-0.9365,1.0,0.9918,0.9984,0.0137,0.0089
780,58,250,1.1547,1.0935,1,1,0.6079,-0.6038,0.9688,0.9897,0.9983,0.0163,0.0107
781,58,300,1.4476,1.0192,1,1,0.1475,-0.4516,0.75,0.9864,0.9932,0.0094,0.0116
782,58,350,1.2132,1.2073,1,1,0.7847,-0.2397,0.9688,0.9846,0.9889,0.0134,0.0092
783,58,400,1.34,0.8464,1,1,0.3053,-0.3433,0.8281,0.9842,0.996,0.0098,0.0075
784,58,450,1.1585,0.9901,1,1,1.1003,-0.3767,1.0,0.9814,0.9982,0.0142,0.0117
785,58,500,1.4704,0.9795,1,1,-0.0156,-0.5872,0.75,0.9862,0.9959,0.0134,0.0162
786,58,550,1.2663,0.8711,1,1,0.6546,-0.2579,0.9531,0.9912,0.994,0.0155,0.0093
787,58,600,1.3814,1.1287,1,1,0.1649,-0.515,0.8125,0.9807,0.9965,0.0099,0.0081
788,59,0,1.4114,0.9864,1,1,0.5579,-0.1889,0.7812,0.9815,0.9932,0.0139,0.0104
789,59,50,1.101,0.8799,1,1,0.5136,-0.8396,0.9375,0.9894,0.9954,0.0157,0.0096
790,59,100,1.1969,1.3217,1,1,0.5986,-0.5869,0.9375,0.9809,0.9852,0.0128,0.0154
791,59,150,1.1466,0.8756,1,1,0.5226,-0.6628,0.9531,0.9842,0.9953,0.0122,0.008
792,59,200,1.391,0.7923,1,1,0.1605,-0.4137,0.8281,0.9824,0.998,0.0122,0.007
793,59,250,1.0997,1.4828,1,1,0.5137,-0.9564,1.0,0.9864,0.9985,0.0095,0.0065
794,59,300,1.4124,0.9057,1,1,0.2502,-0.2383,0.7969,0.9954,0.9973,0.0101,0.0194
795,59,350,0.9486,0.9064,1,1,1.0009,-0.9182,1.0,0.9865,0.9971,0.0096,0.0091
796,59,400,1.1928,0.8742,1,1,0.558,-0.4476,0.9531,0.9906,0.9921,0.0104,0.0098
797,59,450,1.301,1.1675,1,1,0.4123,-0.4006,0.9219,0.9871,0.9895,0.0123,0.0154
798,59,500,1.2842,0.9971,1,1,0.4575,-0.5025,0.9062,0.9749,0.9981,0.0165,0.0102
799,59,550,1.2225,1.159,1,1,0.3245,-0.6143,0.9688,0.9886,0.9965,0.0123,0.0131
800,59,600,1.2614,0.965,1,1,0.4256,-0.4735,0.9219,0.9937,0.994,0.013,0.01
801,60,0,1.1074,1.0527,1,1,0.7866,-0.5147,0.9844,0.9928,0.9956,0.0128,0.0067
802,60,50,1.2308,0.9445,1,1,0.4029,-0.6779,0.875,0.9829,0.9961,0.0146,0.0091
803,60,100,0.9803,0.9411,1,1,0.906,-0.8011,1.0,0.9941,0.9943,0.0115,0.0066
804,60,150,1.539,1.0767,1,1,-0.1331,-0.38,0.7344,0.9955,0.9967,0.0132,0.0065
805,60,200,1.2112,1.2163,1,1,0.4451,-0.6414,0.9688,0.9846,0.9956,0.0121,0.0115
806,60,250,1.0771,1.1139,1,1,0.7601,-0.5924,1.0,0.9896,0.9866,0.0158,0.0084
807,60,300,1.2445,1.2457,1,1,0.5117,-0.7185,0.9062,0.9744,0.9955,0.0173,0.0068
808,60,350,1.356,0.7437,1,1,0.1931,-0.4821,0.875,0.9898,0.998,0.0189,0.0066
809,60,400,1.3115,1.4616,1,1,0.243,-0.6089,0.875,0.9954,0.9948,0.0124,0.0224
810,60,450,1.1848,1.0092,1,1,0.5004,-0.5777,0.9688,0.9833,0.9968,0.0114,0.0067
811,60,500,1.0656,1.1754,1,1,0.5061,-0.905,1.0,0.9757,0.9957,0.0095,0.0073
812,60,550,1.4414,1.12,1,1,0.3222,-0.3934,0.75,0.9906,0.9974,0.0079,0.013
813,60,600,1.1693,1.4115,1,1,0.482,-0.6136,0.9688,0.9936,0.995,0.015,0.0122
814,61,0,1.2871,1.0143,1,1,0.3105,-0.4988,0.7969,0.9713,0.9842,0.0148,0.0083
815,61,50,1.1429,0.8615,1,1,0.8879,-0.4117,1.0,0.9828,0.9936,0.0116,0.0087
816,61,100,1.3464,1.321,1,1,0.2062,-0.4903,0.8438,0.9909,0.9947,0.0155,0.0066
817,61,150,1.2333,1.0805,1,1,0.3728,-0.6007,1.0,0.9863,0.9983,0.0103,0.0073
818,61,200,1.4957,1.0862,1,1,-0.233,-0.8377,0.8438,0.9903,0.9964,0.0125,0.0189
819,61,250,1.2141,1.0272,1,1,0.6506,-0.4755,0.9219,0.9933,0.9882,0.0201,0.0078
820,61,300,1.0299,1.1708,1,1,0.5675,-0.965,0.9844,0.9892,0.9968,0.0097,0.0072
821,61,350,1.1708,1.3723,1,1,0.668,-0.5158,1.0,0.9841,0.996,0.0122,0.0071
822,61,400,1.4485,1.0617,1,1,-0.0903,-0.6556,0.6719,0.992,0.9957,0.0117,0.0107
823,61,450,1.283,1.0021,1,1,0.2519,-0.4953,0.9375,0.9856,0.9825,0.0165,0.0075
824,61,500,1.1776,0.9942,1,1,0.6569,-0.5865,0.9531,0.986,0.9983,0.0197,0.0119
825,61,550,1.4407,1.0414,1,1,0.1632,-0.2752,0.6719,0.9904,0.9971,0.0143,0.0126
826,61,600,1.4474,0.965,1,1,0.4041,-0.0955,0.7812,0.9949,0.9973,0.0131,0.0095
827,62,0,1.2168,1.2601,1,1,0.637,-0.3279,1.0,0.9953,0.995,0.0163,0.0085
828,62,50,1.3138,0.8952,1,1,0.9092,-0.0322,0.9219,0.9867,0.9872,0.0138,0.0116
829,62,100,1.2444,1.0512,1,1,0.7732,-0.3266,0.8594,0.9782,0.9957,0.0136,0.0178
830,62,150,1.1882,1.0619,1,1,0.6795,-0.4235,0.9531,0.9789,0.9885,0.0105,0.0077
831,62,200,1.4047,1.037,1,1,0.6045,-0.0117,0.7969,0.9879,0.9917,0.0127,0.0092
832,62,250,1.1326,1.0116,1,1,0.4651,-1.1221,0.9688,0.9933,0.9971,0.0131,0.0056
833,62,300,1.3115,0.9628,1,1,0.4029,-0.4669,0.9531,0.975,0.9972,0.012,0.0104
834,62,350,1.4204,1.0551,1,1,0.1347,-0.3542,0.7969,0.9888,0.9989,0.0243,0.017
835,62,400,1.3576,0.9594,1,1,0.1939,-0.4888,0.75,0.9936,0.9952,0.0122,0.0192
836,62,450,1.1976,1.0221,1,1,0.5496,-0.5317,0.9844,0.9818,0.9927,0.0148,0.0077
837,62,500,1.2008,1.0436,1,1,0.9012,-0.3253,1.0,0.9967,0.9983,0.0101,0.0169
838,62,550,1.0745,1.3289,1,1,0.5738,-0.856,0.9688,0.9903,0.9916,0.0133,0.0081
839,62,600,1.0782,0.7607,1,1,0.876,-0.593,1.0,0.986,0.9973,0.011,0.0122
840,63,0,1.2895,0.8385,1,1,0.6793,-0.3178,0.9375,0.9873,0.9972,0.01,0.0066
841,63,50,1.1272,0.9924,1,1,0.8029,-0.6262,0.9844,0.9936,0.9956,0.0136,0.0064
842,63,100,1.3247,1.0478,1,1,0.6222,-0.3813,0.9531,0.9811,0.9941,0.0136,0.008
843,63,150,0.9958,0.776,1,1,0.9605,-0.7617,0.9844,0.9892,0.9952,0.0151,0.0074
844,63,200,1.2555,0.8957,1,1,0.5695,-0.3511,0.9062,0.9848,0.996,0.0116,0.018
845,63,250,1.2043,0.9511,1,1,0.3758,-0.6348,0.9688,0.9806,0.9973,0.0134,0.0085
846,63,300,1.4042,1.0581,1,1,0.2365,-0.2329,0.7656,0.9783,0.9951,0.0158,0.0159
847,63,350,0.9957,1.0428,1,1,0.7448,-0.7802,1.0,0.9886,0.9901,0.0136,0.0074
848,63,400,1.289,0.9079,1,1,0.2027,-0.5896,0.9375,0.988,0.9979,0.011,0.0176
849,63,450,1.2527,0.9727,1,1,0.5808,-0.2919,0.9062,0.98,0.9966,0.0112,0.0086
850,63,500,1.2376,0.9394,1,1,0.4642,-0.4398,0.9062,0.9758,0.9917,0.0138,0.0156
851,63,550,1.278,1.1074,1,1,0.532,-0.4334,1.0,0.9929,0.9888,0.0172,0.0146
852,63,600,1.2983,1.1527,1,1,0.0804,-0.6476,0.9219,0.9931,0.9948,0.0128,0.0065
853,64,0,1.2043,1.0335,1,1,0.4506,-0.7393,0.9219,0.9914,0.9978,0.0161,0.0107
854,64,50,1.2613,0.8907,1,1,0.6938,-0.2984,0.9219,0.9892,0.9958,0.0123,0.0064
855,64,100,1.1671,0.9193,1,1,0.4265,-0.7605,1.0,0.9929,0.997,0.0114,0.0173
856,64,150,1.2023,1.1229,1,1,0.5114,-0.5213,0.9688,0.994,0.9981,0.0094,0.0154
857,64,200,1.128,0.7699,1,1,0.7885,-0.4494,0.9844,0.9791,0.9964,0.0136,0.0114
858,64,250,1.2317,0.8586,1,1,0.4256,-0.5519,0.9688,0.9956,0.992,0.0125,0.006
859,64,300,1.3213,1.1605,1,1,0.3676,-0.3844,0.9531,0.9868,0.9965,0.0106,0.0181
860,64,350,1.0405,1.0492,1,1,0.5326,-1.0095,1.0,0.9834,0.9981,0.0119,0.0083
861,64,400,1.296,1.2157,1,1,0.5849,-0.3355,0.8906,0.9827,0.9957,0.0125,0.0184
862,64,450,1.1333,1.1254,1,1,0.5968,-0.6051,1.0,0.9693,0.9964,0.0126,0.0067
863,64,500,1.0969,1.0792,1,1,0.6416,-0.8747,0.9844,0.9787,0.9978,0.0161,0.008
864,64,550,1.2708,1.0683,1,1,0.4562,-0.4328,0.9219,0.9938,0.9917,0.0102,0.0123
865,64,600,1.4103,0.8801,1,1,0.3404,-0.1964,0.7969,0.9829,0.9961,0.0144,0.0129
866,65,0,1.0795,0.9795,1,1,0.3738,-0.8678,1.0,0.9838,0.9975,0.0165,0.0261
867,65,50,1.0457,0.8942,1,1,0.9872,-0.488,1.0,0.9894,0.9929,0.011,0.0187
868,65,100,1.3251,1.1231,1,1,0.46,-0.2499,0.875,0.9893,0.9919,0.0082,0.0087
869,65,150,1.2509,0.9754,1,1,0.467,-0.5175,0.8906,0.9806,0.9927,0.0101,0.0087
870,65,200,1.0959,1.0339,1,1,0.8247,-0.5874,1.0,0.9944,0.9952,0.0106,0.0097
871,65,250,1.3254,1.0998,1,1,0.0572,-0.7869,0.875,0.9843,0.9971,0.014,0.0074
872,65,300,1.3014,0.9049,1,1,-0.043,-0.7428,0.9688,0.9928,0.9964,0.0141,0.0076
873,65,350,1.1336,1.0584,1,1,0.7713,-0.3693,0.9844,0.9926,0.9976,0.0138,0.0069
874,65,400,1.2248,0.9142,1,1,0.5786,-0.4572,0.9531,0.9793,0.9984,0.0173,0.0066
875,65,450,1.0536,1.0247,1,1,0.6813,-0.7368,1.0,0.9886,0.9991,0.0106,0.007
876,65,500,1.3191,1.2873,1,1,0.2291,-0.5369,0.9062,0.9814,0.9979,0.0141,0.0069
877,65,550,1.3419,0.8605,1,1,0.813,-0.0985,0.8906,0.9851,0.9971,0.0116,0.0106
878,65,600,1.2195,0.935,1,1,0.4049,-0.6531,0.9531,0.9715,0.9966,0.011,0.0097
879,66,0,1.1651,0.8242,1,1,0.9393,-0.2094,0.9844,0.9883,0.9977,0.017,0.0088
880,66,50,1.3245,1.0548,1,1,0.312,-0.4926,0.8906,0.9813,0.996,0.0143,0.0201
881,66,100,1.239,0.8498,1,1,0.5167,-0.3951,1.0,0.9943,0.9984,0.0152,0.0079
882,66,150,0.9974,0.8462,1,1,0.7521,-0.8416,1.0,0.9925,0.9989,0.0108,0.0152
883,66,200,0.9964,1.2275,1,1,1.0065,-0.6965,1.0,0.9895,0.9893,0.0187,0.0074
884,66,250,1.1874,0.8877,1,1,0.4933,-0.7644,1.0,0.9947,0.9958,0.0101,0.0098
885,66,300,1.1456,1.139,1,1,0.402,-0.8634,0.9375,0.9849,0.9931,0.0149,0.0078
886,66,350,1.1445,1.3698,1,1,0.4999,-0.7394,0.9531,0.9835,0.9931,0.0127,0.008
887,66,400,1.5536,0.8836,1,1,-0.1505,-0.3541,0.6719,0.9903,0.9975,0.0136,0.0088
888,66,450,1.049,0.9293,1,1,0.7341,-0.7317,1.0,0.9832,0.9978,0.0127,0.0088
889,66,500,1.1935,0.8664,1,1,0.8358,-0.4698,0.9375,0.9847,0.9933,0.0154,0.0069
890,66,550,1.341,0.9295,1,1,0.5579,-0.2723,0.9688,0.987,0.9947,0.0153,0.0077
891,66,600,1.3107,1.0333,1,1,0.1018,-0.7582,0.9062,0.9831,0.9984,0.0211,0.0059
892,67,0,1.308,0.7975,1,1,0.4705,-0.3526,0.9062,0.9868,0.9969,0.011,0.0084
893,67,50,1.2935,0.9996,1,1,0.3367,-0.5288,0.8906,0.985,0.9938,0.0108,0.0064
894,67,100,1.3336,1.0319,1,1,0.4615,-0.3315,0.8594,0.9905,0.9975,0.013,0.0067
895,67,150,1.0933,1.2958,1,1,0.5448,-0.7755,0.9688,0.9898,0.9926,0.0121,0.008
896,67,200,1.1033,1.3935,1,1,0.5335,-0.9229,1.0,0.9776,0.9924,0.0114,0.0094
897,67,250,1.3024,1.4524,1,1,0.2138,-0.8076,0.9062,0.9884,0.9949,0.0153,0.0126
898,67,300,1.1487,0.9128,1,1,0.7216,-0.4528,0.9531,0.9932,0.997,0.0122,0.0169
899,67,350,1.4619,1.3356,1,1,0.1496,-0.3734,0.6875,0.9884,0.9975,0.0147,0.0094
900,67,400,1.2608,1.0661,1,1,0.5591,-0.2421,0.9062,0.9883,0.9982,0.0099,0.0112
901,67,450,1.1217,1.0264,1,1,0.7038,-0.6145,1.0,0.9904,0.998,0.0156,0.0165
902,67,500,1.4695,1.3022,1,1,0.5833,0.1022,0.7188,0.9918,0.9938,0.0088,0.0165
903,67,550,1.5057,0.7134,1,1,0.032,-0.2761,0.6719,0.9888,0.9969,0.0086,0.0072
904,67,600,1.2248,0.8723,1,1,0.7863,-0.3793,0.9688,0.9792,0.9927,0.013,0.0063
905,68,0,1.0399,1.0392,1,1,1.0085,-0.5327,1.0,0.9932,0.9968,0.0108,0.0075
906,68,50,1.2877,1.2671,1,1,0.3529,-0.5871,0.9844,0.979,0.9972,0.0159,0.0073
907,68,100,1.2318,0.8158,1,1,0.2576,-0.6608,0.9531,0.984,0.9932,0.0102,0.008
908,68,150,1.2086,0.9026,1,1,0.8216,-0.3402,0.9219,0.991,0.9923,0.0132,0.0068
909,68,200,1.2149,1.127,1,1,0.2455,-0.7871,0.9844,0.9902,0.9878,0.0208,0.0202
910,68,250,1.1981,1.0034,1,1,0.5554,-0.6507,0.9688,0.992,0.9947,0.0131,0.0074
911,68,300,1.2751,1.1433,1,1,0.5807,-0.2872,0.9219,0.993,0.9963,0.0122,0.0091
912,68,350,1.2569,1.09,1,1,0.5374,-0.5025,0.9219,0.9859,0.9987,0.0113,0.0072
913,68,400,1.1615,1.0999,1,1,0.9215,-0.5482,0.9375,0.9795,0.997,0.0115,0.0075
914,68,450,1.3292,1.0607,1,1,0.1777,-0.5714,0.8594,0.9965,0.9784,0.0147,0.0091
915,68,500,1.2263,1.09,1,1,0.545,-0.5057,1.0,0.986,0.9955,0.0103,0.0137
916,68,550,1.3113,0.9423,1,1,0.1798,-0.7776,0.9531,0.9621,0.9897,0.011,0.0118
917,68,600,1.1377,0.9309,1,1,0.7154,-0.5204,0.9844,0.9916,0.9976,0.0147,0.012
918,69,0,1.0951,1.0362,1,1,0.7259,-0.7051,1.0,0.9823,0.9979,0.011,0.011
919,69,50,1.1673,1.0709,1,1,0.5145,-0.6967,0.9375,0.9794,0.9973,0.0099,0.0093
920,69,100,1.0813,1.0629,1,1,0.9843,-0.3793,1.0,0.9906,0.9936,0.0128,0.0076
921,69,150,1.1085,0.8417,1,1,0.799,-0.5789,1.0,0.9888,0.9966,0.0128,0.0065
922,69,200,1.0634,1.0574,1,1,0.7684,-0.6806,1.0,0.9855,0.9974,0.0119,0.0096
923,69,250,1.1105,1.0038,1,1,0.7486,-0.4897,0.9844,0.9628,0.9911,0.0192,0.0057
924,69,300,1.1038,1.1392,1,1,0.7496,-0.6647,0.9375,0.9824,0.9957,0.0141,0.018
925,69,350,1.1397,0.8079,1,1,0.8463,-0.3548,0.9531,0.9792,0.9938,0.0125,0.035
926,69,400,1.2818,0.9471,1,1,0.4955,-0.4316,0.8906,0.9798,0.9922,0.0151,0.0069
927,69,450,1.122,0.9855,1,1,0.905,-0.3162,0.9688,0.9814,0.9876,0.0174,0.0146
928,69,500,1.2061,1.1021,1,1,0.7151,-0.472,0.9688,0.981,0.9958,0.0113,0.0098
929,69,550,1.16,1.0463,1,1,0.4579,-0.7233,0.9688,0.9789,0.9916,0.0127,0.0139
930,69,600,1.1694,1.2317,1,1,0.5603,-0.5073,1.0,0.9822,0.9984,0.0167,0.0061
931,70,0,1.4076,1.0336,1,1,0.4104,-0.1492,0.8906,0.98,0.9903,0.0143,0.0071
932,70,50,0.9607,1.1304,1,1,1.0551,-0.6547,1.0,0.9942,0.9978,0.011,0.0063
933,70,100,1.2608,1.1913,1,1,0.5996,-0.4402,0.9219,0.9924,0.992,0.0135,0.0162
934,70,150,1.2631,0.931,1,1,0.8218,-0.1984,0.9219,0.9815,0.9955,0.0139,0.0091
935,70,200,1.3331,0.9435,1,1,0.4834,-0.183,0.9531,0.986,0.9959,0.0215,0.0082
936,70,250,1.24,1.0393,1,1,0.144,-0.8422,1.0,0.9963,0.9983,0.0097,0.0071
937,70,300,1.1121,1.0169,1,1,0.4399,-0.8169,0.9688,0.9939,0.9983,0.0119,0.0081
938,70,350,1.2788,0.7548,1,1,0.7849,-0.2424,0.9375,0.993,0.9969,0.0118,0.0073
939,70,400,1.0878,0.9089,1,1,0.6315,-0.7865,1.0,0.9839,0.9963,0.0105,0.0074
940,70,450,1.328,0.9356,1,1,0.7016,-0.2877,0.8906,0.9967,0.9897,0.0113,0.0063
941,70,500,1.4493,0.7287,1,1,0.3773,-0.0338,0.7344,0.981,0.9976,0.0114,0.0081
942,70,550,1.2784,1.0677,1,1,0.3381,-0.6447,0.9062,0.9872,0.9951,0.0161,0.0073
943,70,600,1.2348,1.0488,1,1,0.2394,-0.8346,0.9375,0.9904,0.9928,0.0106,0.0072
944,71,0,1.1349,0.6227,1,1,0.8242,-0.4098,0.9844,0.9794,0.9906,0.0122,0.0104
945,71,50,1.1147,0.9119,1,1,0.6114,-0.68,1.0,0.9837,0.9952,0.01,0.0137
946,71,100,1.2539,0.9395,1,1,0.5939,-0.3993,0.875,0.9896,0.9937,0.0112,0.0069
947,71,150,1.1791,1.2389,1,1,0.3175,-0.7731,0.9375,0.9928,0.9953,0.0136,0.0076
948,71,200,0.9692,1.2044,1,1,1.057,-0.7346,1.0,0.9861,0.9933,0.0151,0.0141
949,71,250,1.1823,1.119,1,1,0.328,-0.8787,0.875,0.9815,0.9978,0.0135,0.0312
950,71,300,1.1906,0.9979,1,1,0.6961,-0.4399,0.9375,0.9956,0.997,0.0092,0.011
951,71,350,1.1095,0.9498,1,1,0.7069,-0.715,1.0,0.9886,0.9976,0.0102,0.0105
952,71,400,1.1976,0.8291,1,1,0.4929,-0.5758,1.0,0.9931,0.997,0.0148,0.0208
953,71,450,1.2957,0.8561,1,1,0.5771,-0.3231,0.9219,0.987,0.988,0.0137,0.0085
954,71,500,1.2297,0.7232,1,1,0.7664,-0.2312,0.9531,0.9765,0.9922,0.0102,0.0096
955,71,550,1.2359,1.1296,1,1,0.9166,-0.2718,0.9531,0.986,0.9906,0.0108,0.0116
956,71,600,1.3059,1.0432,1,1,0.5148,-0.4318,0.9219,0.989,0.9923,0.0092,0.0088
957,72,0,1.3525,1.139,1,1,0.6047,-0.1214,0.7969,0.9891,0.9958,0.0233,0.016
