code,probability,prob_human_validation,final_ground_truth
headers,0.0,,
event_amount,0.0,,
system_client_service_encoding,0.0,,
user_volume,0.0,,
batch_file_revision,0.0,,
remote_alert_width,0.0,,
sample_catalog_external_client_options,0.0,,
temporary_catalog_initial_notification_capacity,0.0,,
final_attachment_capacity,0.0,,
socket_length,0.0,,
project_payload,0.0,,
server_ticket_checksum,0.0,,
search_default_invoice_config,0.0,,
secondary_router_timestamp,0.0,,
user_application_duration,0.0,,
subscription_filename,0.0,,
web_serialized_component_region,0.0,,
history_payment_monthly_browser_size,0.0,,
production_search_minimum_router_template,0.0,,
public_ticket_extension,0.0,,
legacy_import_secondary_component_checksum,0.0,,
archive_import_client_record_encoding,0.0,,
event_total_cart_size,0.0,,
attachment_list,0.0,,
catalog_default_account_ratio,0.0,,
storage_local_worker_timestamp,0.0,,
final_queue_capacity,0.0,,
user_serialized_stream_array,0.0,,
catalog_final_notification_locale,0.0,,
page_time,0.0,,
outgoing_system_internal_socket_port,0.0,,
form_table,0.0,,
average_subscription_threshold,0.0,,
storage_system_client_weight,0.0,,
catalog_raw_report_key,0.0,,
session_id,0.0,,
profile_template,0.0,,
local_report_timestamp,0.0,,
incoming_billing_average_message_size,0.0,,
count,0.0,,
notification_duration,0.0,,
sample_system_internal_container_timezone,0.0,,
maximum,0.0,,
network_client_user_script,0.0,,
outgoing_api_target_router_price,0.0,,
format,0.0,,
list,0.0,,
projected_shipment_timezone,0.0,,
process_key,0.0,,
user_remote_build_payload,0.0,,
preview_data_total_deployment_threshold,0.0,,
primary_connection_set,0.0,,
preview_client_client_attachment_set,0.0,,
user_cache_region,0.0,,
api_public_cart_filename,0.0,,
connection_token,0.0,,
preview_event_raw_invoice_id,0.0,,
final_socket_length,0.0,,
average_router_time,0.0,,
export_search_public_subscription_region,0.0,,
archive_client_final_pipeline_duration,0.0,,
event_raw_pipeline_size,0.0,,
user_primary_browser_duration,0.0,,
billing_target_deployment_header,0.0,,
total_cluster_template,0.0,,
default_catalog_total_cart_hash,0.0,,
target_stream_list,0.0,,
shipment_options,0.0,,
local_account_address,0.0,,
search_annual_service_command,0.0,,
average_project_threshold,0.0,,
import_daily_download_size,0.0,,
outgoing_catalog_annual_subscription_set,0.0,,
production_client_batch_package_hash,0.0,,
system_secondary_service_encoding,0.0,,
package_index,0.0,,
system_initial_container_timezone,0.0,,
data_default_sensor_dictionary,0.0,,
catalog_default_order_duration,0.0,,
preview_user_external_stream_map,0.0,,
source_campaign_cost,0.0,,
target_build_format,0.0,,
stream_count,0.0,,
payment_primary_browser_script,0.0,,
payment_final_cursor_price,0.0,,
normalized_engine_rate,0.0,,
catalog_total_user_url,0.0,,
currency,0.0,,
event_id,0.0,,
client_external_profile_count,0.0,,
content_minimum_notification_date,0.0,,
api_maximum_campaign_list,0.0,,
event_initial_resource_secret,0.0,,
payment_local_process_height,0.0,,
logger,0.0,,
payment_address,0.0,,
queue_checksum,0.0,,
web_maximum_queue_secret,0.0,,
public_screen_offset,0.0,,
server_sensor_checksum,0.0,,
local_module_amount,0.0,,
network_external_shipment_digest,0.0,,
project_count,0.0,,
key,0.0,,
maximum_batch_volume,0.0,,
user_client_sensor_set,0.0,,
worker_catalog,0.0,,
event_minimum_deployment_limit,0.0,,
node_width,0.0,,
temporary_event_server_cart_settings,0.0,,
staging_catalog_local_alert_timezone,0.0,,
web_source_worker_timezone,0.0,,
monthly_package_pattern,0.0,,
client_router_protocol,0.0,,
system_node_region,0.0,,
screen_height,0.0,,
projected_sensor_key,0.0,,
node_size,0.0,,
default_catalog_initial_account_id,0.0,,
search_internal_cart_index,0.0,,
temporary_user_client_cart_table,0.0,,
staging_content_minimum_transaction_key,0.0,,
projected_task_amount,0.0,,
import_serialized_attachment_capacity,0.0,,
client_final_worker_volume,0.0,,
invoice_region,0.0,,
event_minimum_page_path,0.0,,
client_average_alert_count,0.0,,
resource_list,0.0,,
remote_attachment_depth,0.0,,
client_projected_order_width,0.0,,
initial_attachment_index,0.0,,
projected_form_protocol,0.0,,
search_raw_component_map,0.0,,
import_monthly_alert_time,0.0,,
staging_network_projected_alert_limit,0.0,,
client_client_date,0.0,,
component_script,0.0,,
search_system_build_size,0.0,,
schema,0.0,,
cache_schema,0.0,,
import_user_form_timezone,0.0,,
internal_project_region,0.0,,
ticket_timezone,0.0,,
message_width,0.0,,
service_key,0.0,,
target_screen_distance,0.0,,
storage_monthly_pipeline_checksum,0.0,,
data_user_socket_table,0.0,,
response_version,0.0,,
local_client_query,0.0,,
average_connection_depth,0.0,,
module_threshold,0.0,,
payment_normalized_engine_dictionary,0.0,,
service,0.0,,
import_final_transaction_index,0.0,,
default_sensor_array,0.0,,
process_protocol,0.0,,
order_settings,0.0,,
test_billing_source_download_format,0.0,,
application_url,0.0,,
maximum_application_locale,0.0,,
monthly_subscription_protocol,0.0,,
engine_timestamp,0.0,,
web_target_ticket_protocol,0.0,,
dialog_collection,0.0,,
sensor_width,0.0,,
stream_body,0.0,,
transaction_version,0.0,,
staging_payment_source_transaction_size,0.0,,
export_catalog_target_deployment_schema,0.0,,
system_minimum_document_timezone,0.0,,
maximum_router_collection,0.0,,
volume,0.0,,
image_depth,0.0,,
user_total_deployment_amount,0.0,,
client_default_container_count,0.0,,
search_system_node_token,0.0,,
event_source_component_length,0.0,,
annual_channel_date,0.0,,
system_target_channel_time,0.0,,
service_amount,0.0,,
history_payment_local_notification_list,0.0,,
page_version,0.0,,
engine_payload,0.0,,
cookies,0.0,,
file_list,0.0,,
items,0.0,,
annual_build_currency,0.0,,
storage_normalized_cluster_width,0.0,,
storage_normalized_batch_rate,0.0,,
transaction_array,0.0,,
document_width,0.0,,
build_encoding,0.0,,
server_module_time,0.0,,
client_default_attachment_payload,0.0,,
total_stream_limit,0.0,,
system_internal_screen_rate,0.0,,
maximum_application_script,0.0,,
message_query,0.0,,
web_internal_node_ratio,0.0,,
data_minimum_connection_config,0.0,,
maximum_cache_address,0.0,,
sample_catalog_maximum_account_token,0.0,,
client_daily_query_count,0.0,,
monthly_router_currency,0.0,,
annual_image_token,0.0,,
browser_length,0.0,,
normalized_cursor_list,0.0,,
record_timestamp,0.0,,
cursor_timestamp,0.0,,
billing_public_cache_pattern,0.0,,
test_catalog_user_application_locale,0.0,,
user_batch_request_token,0.0,,
default_notification_height,0.0,,
secondary_dialog_locale,0.0,,
target_cluster_date,0.0,,
campaign_capacity,0.0,,
daily_user_region,0.0,,
preview_billing_serialized_screen_schema,0.0,,
system_internal_socket_hash,0.0,,
secondary_cart_limit,0.0,,
node_dictionary,0.0,,
total_page_secret,0.0,,
import_primary_alert_extension,0.0,,
payment_cost,0.0,,
catalog_normalized_user_address,0.0,,
annual_database_digest,0.0,,
legacy_api_normalized_query_template,0.0,,
user_engine_format,0.0,,
default_workflow_version,0.0,,
minimum_campaign_capacity,0.0,,
primary_notification_revision,0.0,,
download_hash,0.0,,
node_pattern,0.0,,
billing_secondary_channel_collection,0.0,,
event_local_session_revision,0.0,,
local_record_currency,0.0,,
storage_system_resource_array,0.0,,
monthly_payment_language,0.0,,
storage_default_deployment_set,0.0,,
system_source_task_timezone,0.0,,
staging_user_projected_deployment_locale,0.0,,
legacy_event_system_process_header,0.0,,
content_server_session_length,0.0,,
data_remote_cursor_threshold,0.0,,
network_client_form_length,0.0,,
component_port,0.0,,
remote_transaction_volume,0.0,,
secondary_task_pattern,0.0,,
request_locale,0.0,,
payment_system_image_version,0.0,,
user_raw_campaign_cost,0.0,,
batch_package_query,0.0,,
sample_system_normalized_cursor_language,0.0,,
sample_catalog_normalized_response_secret,0.0,,
secondary_worker_settings,0.0,,
temporary_search_source_shipment_hash,0.0,,
serialized_project_price,0.0,,
api_target_document_distance,0.0,,
temporary_catalog_final_router_date,0.0,,
system_monthly_shipment_template,0.0,,
legacy_storage_server_component_height,0.0,,
local_attachment_duration,0.0,,
external_download_protocol,0.0,,
device_secret,0.0,,
queue,0.0,,
form_count,0.0,,
timestamp,0.0,,
network_secondary_client_id,0.0,,
network_secondary_pipeline_collection,0.0,,
server_application_id,0.0,,
invoice_pattern,0.0,,
primary_campaign_token,0.0,,
legacy_user_remote_report_format,0.0,,
staging_search_total_account_duration,0.0,,
screen_pattern,0.0,,
search_remote_shipment_checksum,0.0,,
default_sensor_limit,0.0,,
storage_daily_browser_port,0.0,,
search_client_worker_path,0.0,,
module_catalog,0.0,,
target_application_ratio,0.0,,
router_query,0.0,,
average_download_width,0.0,,
import_projected_session_price,0.0,,
outgoing_payment_minimum_component_dictionary,0.0,,
data_source_workflow_port,0.0,,
target_subscription_header,0.0,,
billing_minimum_batch_table,0.0,,
serialized_service_index,0.0,,
package_weight,0.0,,
maximum_shipment_time,0.0,,
form_locale,0.0,,
billing_server_database_timestamp,0.0,,
initial_profile_script,0.0,,
image_table,0.0,,
url,0.0,,
average_message_threshold,0.0,,
response_timezone,0.0,,
query_version,0.0,,
screen_offset,0.0,,
content_minimum_task_version,0.0,,
monthly_order_threshold,0.0,,
default_order_collection,0.0,,
api_monthly_channel_price,0.0,,
minimum_pipeline_extension,0.0,,
batch_map,0.0,,
minimum_attachment_options,0.0,,
import_annual_record_length,0.0,,
temporary_catalog_primary_device_timestamp,0.0,,
client_channel_port,0.0,,
sample_data_initial_payment_encoding,0.0,,
download_height,0.0,,
primary_query_digest,0.0,,
public_attachment_path,0.0,,
event_initial_sensor_protocol,0.0,,
storage_local_worker_price,0.0,,
preview_payment_monthly_process_table,0.0,,
cache_locale,0.0,,
payment_map,0.0,,
event_client_package_filename,0.0,,
weight,0.0,,
normalized_sensor_hash,0.0,,
router_checksum,0.0,,
browser_count,0.0,,
user_internal_transaction_duration,0.0,,
minimum_build_command,0.0,,
production_import_raw_document_price,0.0,,
catalog_initial_connection_port,0.0,,
outgoing_catalog_internal_report_height,0.0,,
test_network_serialized_module_settings,0.0,,
user_engine_pattern,0.0,,
incoming_system_projected_page_array,0.0,,
api_public_package_depth,0.0,,
annual_file_count,0.0,,
channel_filename,0.0,,
event_average_message_revision,0.0,,
import_local_alert_dictionary,0.0,,
screen_command,0.0,,
local_cluster_schema,0.0,,
normalized_session_list,0.0,,
secondary_stream_height,0.0,,
record_currency,0.0,,
cluster_schema,0.0,,
total,0.0,,
resource_limit,0.0,,
catalog_local_notification_path,0.0,,
data_target_sensor_time,0.0,,
monthly_notification_time,0.0,,
user_total_node_checksum,0.0,,
incoming_api_target_worker_array,0.0,,
build_filename,0.0,,
event_minimum_router_config,0.0,,
secondary_connection_protocol,0.0,,
primary_message_currency,0.0,,
outgoing_event_initial_stream_checksum,0.0,,
client_query,0.0,,
record_catalog,0.0,,
billing_projected_record_digest,0.0,,
content_secondary_session_distance,0.0,,
network_initial_download_locale,0.0,,
catalog_server_screen_revision,0.0,,
router_threshold,0.0,,
payment_system_device_capacity,0.0,,
report_query,0.0,,
web_secondary_connection_id,0.0,,
payment_external_payment_list,0.0,,
local_task_language,0.0,,
package_protocol,0.0,,
payment_primary_attachment_command,0.0,,
serialized_notification_timestamp,0.0,,
client_public_ticket_array,0.0,,
response,0.0,,
production_catalog_average_worker_distance,0.0,,
service_date,0.0,,
daily_request_schema,0.0,,
sensor_key,0.0,,
client_secondary_channel_distance,0.0,,
raw_build_set,0.0,,
job_language,0.0,,
default_content_primary_session_options,0.0,,
minimum_request_length,0.0,,
ticket_schema,0.0,,
target_engine_currency,0.0,,
backup_network_monthly_application_protocol,0.0,,
engine_settings,0.0,,
public_alert_table,0.0,,
report_pattern,0.0,,
user_time,0.0,,
response_length,0.0,,
ticket_extension,0.0,,
socket_port,0.0,,
data_serialized_application_url,0.0,,
application_index,0.0,,
export_system_user_response_ratio,0.0,,
payment_daily_profile_id,0.0,,
history_client_minimum_service_filename,0.0,,
server_upload_region,0.0,,
search_remote_transaction_amount,0.0,,
result_data,0.05,,
user_source_account_sample,0.05,,
global_network_source_connection_sample,0.05,,
network_source_page_parameter,0.05,,
view_sample,0.05,,
account_data,0.05,,
user_system_default_resource_value,0.05,,
user_client_cached_request_data,0.05,,
web_stored_action_sample,0.05,,
default_resource_input,0.05,,
view_reference,0.05,,
default_job_reference,0.05,,
remote_editor_initial_panel_input,0.05,,
web_stored_account_value,0.05,,
api_stored_user_input,0.05,,
primary_network_default_item_input,0.05,,
job_parameter,0.05,,
remote_api_default_task_data,0.05,,
stored_page_parameter,0.05,,
client_initial_page_data,0.05,,
source_connection_sample,0.05,,
job_sample,0.05,,
session_data,0.05,,
resource_sample,0.05,,
source_view_value,0.05,,
snapshot,0.05,,
network_stored_document_data,0.05,,
editor_target_view_input,0.05,,
service_default_job_setting,0.05,,
stored_document_setting,0.05,,
runtime_network_stored_view_setting,0.05,,
user_sample,0.05,,
page_setting,0.05,,
temporary_web_default_action_parameter,0.05,,
stored_account_data,0.05,,
primary_web_initial_page_value,0.05,,
session_reference,0.05,,
editor_initial_account_sample,0.05,,
file_reference,0.05,,
service_default_attempt_value,0.05,,
target_account_sample,0.05,,
client_default_file_input,0.05,,
global_system_cached_action_data,0.05,,
window_sample,0.05,,
api_cached_job_setting,0.05,,
user_target_user_sample,0.05,,
cached_window_sample,0.05,,
cached_attempt_value,0.05,,
item_parameter,0.05,,
client_stored_task_data,0.05,,
target_job_sample,0.05,,
initial_item_data,0.05,,
task_parameter,0.05,,
target_attempt_value,0.05,,
web_initial_connection_value,0.05,,
remote_client_target_file_parameter,0.05,,
editor_source_connection_parameter,0.05,,
session_parameter,0.05,,
cached_page_reference,0.05,,
user_client_source_account_setting,0.05,,
page_value,0.05,,
primary_api_initial_session_reference,0.05,,
initial_page_parameter,0.05,,
document_input,0.05,,
primary_network_internal_task_type,0.10,,
runtime_network_assigned_user_tier,0.10,,
api_assigned_user_edition,0.10,,
system_primary_request_category,0.10,,
primary_network_public_connection_role,0.10,,
task_kind,0.10,,
user_internal_request_edition,0.10,,
client_default_view_variant,0.10,,
service_secondary_action_tier,0.10,,
editor_internal_document_edition,0.10,,
session_category,0.10,,
file_class,0.10,,
temporary_system_assigned_job_category,0.10,,
secondary_window_variant,0.10,,
secondary_request_type,0.10,,
primary_task_tier,0.10,,
secondary_account_edition,0.10,,
public_window_type,0.10,,
editor_secondary_page_class,0.10,,
internal_file_class,0.10,,
assigned_user_tier,0.10,,
public_document_category,0.10,,
job_edition,0.10,,
temporary_editor_primary_request_role,0.10,,
service_primary_window_variant,0.10,,
runtime_network_internal_job_variant,0.10,,
local_user_internal_connection_tier,0.10,,
secondary_file_tier,0.10,,
assigned_connection_role,0.10,,
secondary_result_category,0.10,,
system_default_item_variant,0.10,,
web_secondary_account_category,0.10,,
default_document_category,0.10,,
assigned_account_tier,0.10,,
local_client_primary_job_type,0.10,,
public_job_variant,0.10,,
internal_connection_type,0.10,,
category,0.10,,
action_tier,0.10,,
kind,0.10,,
public_action_variant,0.10,,
temporary_network_internal_result_kind,0.10,,
document_type,0.10,,
system_internal_job_type,0.10,,
public_job_class,0.10,,
page_type,0.10,,
session_role,0.10,,
primary_resource_role,0.10,,
internal_session_type,0.10,,
resource_edition,0.10,,
result_tier,0.10,,
editor_public_action_tier,0.10,,
assigned_task_category,0.10,,
network_public_account_role,0.10,,
client_internal_view_class,0.10,,
user_edition,0.10,,
attempt_class,0.10,,
temporary_user_primary_view_type,0.10,,
type,0.10,,
internal_request_tier,0.10,,
action_category,0.10,,
client_assigned_user_role,0.10,,
primary_attempt_tier,0.10,,
limit,0.15,,
maximum_account_limit,0.15,,
job_grade,0.15,,
connection_policy,0.15,,
minimum_item_version,0.15,,
local_service_default_window_rule,0.15,,
allowed_document_limit,0.15,,
job_level,0.15,,
client_requested_user_limit,0.15,,
local_web_default_result_rule,0.15,,
default_document_priority,0.15,,
minimum_window_level,0.15,,
job_rank,0.15,,
runtime_web_configured_view_grade,0.15,,
editor_minimum_user_priority,0.15,,
maximum_file_limit,0.15,,
attempt_rule,0.15,,
item_grade,0.15,,
action_limit,0.15,,
session_level,0.15,,
task_rule,0.15,,
connection_priority,0.15,,
minimum_action_rule,0.15,,
minimum_request_grade,0.15,,
editor_configured_panel_grade,0.15,,
configured_panel_version,0.15,,
panel_policy,0.15,,
default_request_level,0.15,,
configured_account_rank,0.15,,
minimum_attempt_limit,0.15,,
level,0.15,,
version,0.15,,
maximum_resource_version,0.15,,
task_policy,0.15,,
configured_window_rank,0.15,,
task_limit,0.15,,
allowed_attempt_level,0.15,,
requested_view_level,0.15,,
default_user_level,0.15,,
default_job_rule,0.15,,
configured_window_policy,0.15,,
page_rank,0.15,,
item_version,0.15,,
request_priority,0.15,,
user_editor_requested_view_version,0.15,,
file_level,0.15,,
request_grade,0.15,,
page_rule,0.15,,
requested_connection_version,0.15,,
api_maximum_resource_level,0.15,,
user_default_attempt_priority,0.15,,
window_rule,0.15,,
default_attempt_grade,0.15,,
view_grade,0.15,,
requested_attempt_priority,0.15,,
window_version,0.15,,
task_rank,0.15,,
priority,0.15,,
user_web_minimum_item_rule,0.15,,
runtime_client_maximum_resource_priority,0.15,,
default_job_level,0.15,,
network_requested_user_rank,0.15,,
web_configured_job_policy,0.15,,
api_visible_user_offset,0.20,,
saved_attempt_page,0.20,,
target_action_slot,0.20,,
result_offset,0.20,,
background_web_last_file_position,0.20,,
coordinate,0.20,,
next_request_index,0.20,,
web_target_document_page,0.20,,
user_visible_user_position,0.20,,
saved_file_offset,0.20,,
runtime_client_next_panel_coordinate,0.20,,
client_target_attempt_slot,0.20,,
user_initial_connection_index,0.20,,
temporary_client_saved_resource_index,0.20,,
job_offset,0.20,,
document_coordinate,0.20,,
web_visible_task_index,0.20,,
target_connection_page,0.20,,
global_network_target_user_coordinate,0.20,,
last_window_slot,0.20,,
last_item_cursor,0.20,,
runtime_editor_initial_window_cursor,0.20,,
file_cursor,0.20,,
visible_panel_position,0.20,,
local_service_target_user_location,0.20,,
view_index,0.20,,
file_slot,0.20,,
last_resource_cursor,0.20,,
target_attempt_location,0.20,,
editor_initial_result_index,0.20,,
background_network_saved_user_location,0.20,,
target_job_position,0.20,,
cursor,0.20,,
initial_result_position,0.20,,
connection_coordinate,0.20,,
account_coordinate,0.20,,
temporary_service_initial_job_slot,0.20,,
action_location,0.20,,
task_slot,0.20,,
user_service_initial_task_slot,0.20,,
primary_web_visible_view_index,0.20,,
position,0.20,,
visible_session_page,0.20,,
web_target_action_page,0.20,,
last_result_coordinate,0.20,,
service_next_request_offset,0.20,,
index,0.20,,
user_api_saved_document_position,0.20,,
session_slot,0.20,,
system_saved_user_location,0.20,,
temporary_web_last_result_offset,0.20,,
service_target_user_location,0.20,,
next_request_cursor,0.20,,
visible_resource_index,0.20,,
web_last_file_offset,0.20,,
editor_last_connection_position,0.20,,
network_next_document_position,0.20,,
system_target_action_cursor,0.20,,
api_next_result_cursor,0.20,,
user_user_initial_panel_slot,0.20,,
item_index,0.20,,
target_panel_slot,0.20,,
last_document_coordinate,0.20,,
temporary_user_default_item_choice,0.25,,
web_saved_connection_tab,0.25,,
api_custom_action_option,0.25,,
background_editor_saved_file_option,0.25,,
saved_panel_option,0.25,,
custom_user_choice,0.25,,
network_saved_document_sort,0.25,,
selection,0.25,,
user_window_choice,0.25,,
runtime_api_display_connection_layout,0.25,,
search_window_tab,0.25,,
window_selection,0.25,,
tab,0.25,,
service_search_session_choice,0.25,,
window_choice,0.25,,
custom_document_choice,0.25,,
request_filter,0.25,,
display_view_choice,0.25,,
action_layout,0.25,,
editor_user_panel_filter,0.25,,
custom_resource_view,0.25,,
default_view_sort,0.25,,
request_layout,0.25,,
runtime_system_custom_action_option,0.25,,
view_option,0.25,,
editor_custom_attempt_filter,0.25,,
api_default_item_filter,0.25,,
api_display_user_option,0.25,,
search_panel_layout,0.25,,
item_option,0.25,,
user_connection_tab,0.25,,
user_item_option,0.25,,
service_default_session_tab,0.25,,
user_task_view,0.25,,
search_page_tab,0.25,,
result_sort,0.25,,
layout,0.25,,
service_user_file_option,0.25,,
task_tab,0.25,,
connection_view,0.25,,
job_filter,0.25,,
api_saved_attempt_option,0.25,,
account_selection,0.25,,
resource_choice,0.25,,
result_view,0.25,,
custom_connection_selection,0.25,,
api_custom_document_selection,0.25,,
primary_web_default_panel_layout,0.25,,
sort,0.25,,
remote_api_user_resource_choice,0.25,,
action_tab,0.25,,
api_custom_job_tab,0.25,,
global_service_search_action_layout,0.25,,
display_action_tab,0.25,,
user_default_item_layout,0.25,,
document_tab,0.25,,
network_custom_page_sort,0.25,,
panel_view,0.25,,
primary_user_display_result_view,0.25,,
default_request_layout,0.25,,
task_layout,0.25,,
remote_client_custom_result_option,0.25,,
display_item_sort,0.25,,
system_current_connection_action,0.30,,
previous_job_item,0.30,,
last_file_page,0.30,,
action_stage,0.30,,
api_recent_user_step,0.30,,
recent_connection_item,0.30,,
primary_system_current_window_item,0.30,,
system_first_window_sequence,0.30,,
next_page_item,0.30,,
job_item,0.30,,
client_next_task_stage,0.30,,
network_current_item_action,0.30,,
view_page,0.30,,
runtime_editor_recent_result_step,0.30,,
service_next_request_action,0.30,,
previous,0.30,,
previous_attempt_item,0.30,,
user_network_last_session_stage,0.30,,
background_api_current_connection_page,0.30,,
first_connection_sequence,0.30,,
system_last_result_step,0.30,,
connection_step,0.30,,
previous_resource_action,0.30,,
local_service_first_session_action,0.30,,
first_attempt_record,0.30,,
attempt_step,0.30,,
previous_request_item,0.30,,
web_next_panel_sequence,0.30,,
attempt_stage,0.30,,
next_item_stage,0.30,,
recent_attempt_item,0.30,,
user_current_attempt_action,0.30,,
web_last_request_step,0.30,,
api_first_item_page,0.30,,
user_sequence,0.30,,
recent_connection_stage,0.30,,
recent_document_action,0.30,,
system_current_job_action,0.30,,
temporary_network_previous_panel_page,0.30,,
temporary_web_previous_request_checkpoint,0.30,,
service_next_window_step,0.30,,
recent_panel_record,0.30,,
network_next_account_sequence,0.30,,
client_last_panel_stage,0.30,,
current_view_record,0.30,,
current,0.30,,
connection_action,0.30,,
stage,0.30,,
current_action_stage,0.30,,
next,0.30,,
job_record,0.30,,
current_request_step,0.30,,
user_item,0.30,,
connection_item,0.30,,
next_task_page,0.30,,
service_previous_document_action,0.30,,
current_job_action,0.30,,
step,0.30,,
first_job_stage,0.30,,
item_stage,0.30,,
current_action_sequence,0.30,,
service_recent_window_checkpoint,0.30,,
job_checkpoint,0.30,,
network_display_resource_layout,0.35,,
editor_window_behavior,0.35,,
web_editor_document_direction,0.35,,
editor_task_direction,0.35,,
service_output_resource_theme,0.35,,
display_file_direction,0.35,,
view_direction,0.35,,
item_behavior,0.35,,
default_user_mode,0.35,,
editor_input_session_direction,0.35,,
input_panel_preference,0.35,,
item_layout,0.35,,
api_editor_request_style,0.35,,
window_theme,0.35,,
global_user_input_result_behavior,0.35,,
service_default_account_layout,0.35,,
default_item_style,0.35,,
primary_network_output_resource_preference,0.35,,
client_user_result_style,0.35,,
resource_format,0.35,,
session_format,0.35,,
input_connection_theme,0.35,,
web_default_account_preference,0.35,,
runtime_api_display_window_preference,0.35,,
default_request_mode,0.35,,
input_page_format,0.35,,
default_document_mode,0.35,,
default_session_behavior,0.35,,
api_default_job_format,0.35,,
session_style,0.35,,
network_display_panel_mode,0.35,,
direction,0.35,,
runtime_client_input_session_preference,0.35,,
user_input_job_behavior,0.35,,
file_style,0.35,,
system_user_user_preference,0.35,,
temporary_api_default_result_mode,0.35,,
client_default_connection_direction,0.35,,
session_preference,0.35,,
editor_connection_theme,0.35,,
connection_format,0.35,,
api_input_account_direction,0.35,,
default_account_preference,0.35,,
client_editor_connection_theme,0.35,,
page_mode,0.35,,
display_view_layout,0.35,,
display_panel_direction,0.35,,
page_preference,0.35,,
task_behavior,0.35,,
display_connection_theme,0.35,,
network_display_job_style,0.35,,
item_preference,0.35,,
editor_account_behavior,0.35,,
default_account_layout,0.35,,
api_output_item_mode,0.35,,
display_item_layout,0.35,,
display_session_format,0.35,,
input_attempt_style,0.35,,
global_web_input_resource_style,0.35,,
system_default_request_layout,0.35,,
task_mode,0.35,,
request_theme,0.35,,
output_document_mode,0.35,,
view_response,0.40,,
validation_resource_decision,0.40,,
client_window_reason,0.40,,
request_error,0.40,,
attempt_outcome,0.40,,
temporary_service_client_page_error,0.40,,
server_account_error,0.40,,
user_latest_action_response,0.40,,
request_user_response,0.40,,
editor_server_view_message,0.40,,
page_result,0.40,,
service_latest_result_response,0.40,,
user_system_review_window_response,0.40,,
connection_error,0.40,,
system_client_attempt_error,0.40,,
client_job_decision,0.40,,
file_outcome,0.40,,
system_review_attempt_message,0.40,,
account_message,0.40,,
user_latest_window_result,0.40,,
remote_web_latest_session_outcome,0.40,,
global_network_latest_request_response,0.40,,
latest_view_response,0.40,,
request_page_decision,0.40,,
api_latest_file_outcome,0.40,,
page_code,0.40,,
code,0.40,,
view_reason,0.40,,
request_attempt_response,0.40,,
session_decision,0.40,,
user_review_item_outcome,0.40,,
client_account_error,0.40,,
network_latest_item_code,0.40,,
latest_page_result,0.40,,
validation_session_outcome,0.40,,
attempt_code,0.40,,
server_panel_decision,0.40,,
primary_system_latest_resource_decision,0.40,,
service_request_panel_reason,0.40,,
client_connection_reason,0.40,,
web_server_user_error,0.40,,
server_attempt_code,0.40,,
latest_panel_error,0.40,,
web_request_request_outcome,0.40,,
system_client_document_result,0.40,,
resource_message,0.40,,
latest_page_message,0.40,,
job_reason,0.40,,
outcome,0.40,,
api_validation_task_reason,0.40,,
latest_session_result,0.40,,
user_validation_connection_decision,0.40,,
temporary_client_review_page_response,0.40,,
user_client_latest_connection_message,0.40,,
session_message,0.40,,
editor_review_user_outcome,0.40,,
page_response,0.40,,
api_request_job_decision,0.40,,
request_reason,0.40,,
server_connection_message,0.40,,
api_latest_account_outcome,0.40,,
user_client_connection_message,0.40,,
validation_session_code,0.40,,
maximum_window_retries,0.45,,
current_action_attempts,0.45,,
current_task_retries,0.45,,
system_total_window_completion,0.45,,
runtime_network_recent_window_progress,0.45,,
global_network_current_resource_remaining,0.45,,
page_attempts,0.45,,
total_attempt_ratio,0.45,,
action_completion,0.45,,
panel_retries,0.45,,
estimated_document_duration,0.45,,
attempt_attempts,0.45,,
recent_item_attempts,0.45,,
attempt_retries,0.45,,
request_ratio,0.45,,
web_estimated_item_remaining,0.45,,
editor_estimated_action_completion,0.45,,
recent_action_elapsed,0.45,,
result_retries,0.45,,
current_page_attempts,0.45,,
primary_system_maximum_account_retries,0.45,,
estimated_file_elapsed,0.45,,
account_progress,0.45,,
ratio,0.45,,
network_recent_job_elapsed,0.45,,
client_total_task_attempts,0.45,,
client_recent_task_remaining,0.45,,
completion,0.45,,
web_current_attempt_ratio,0.45,,
view_ratio,0.45,,
job_duration,0.45,,
api_current_action_remaining,0.45,,
api_total_page_ratio,0.45,,
recent_request_progress,0.45,,
page_ratio,0.45,,
recent_job_elapsed,0.45,,
user_api_remaining_task_attempts,0.45,,
api_remaining_user_retries,0.45,,
maximum_account_attempts,0.45,,
background_web_estimated_window_remaining,0.45,,
progress,0.45,,
network_current_item_duration,0.45,,
maximum_view_attempts,0.45,,
network_recent_attempt_ratio,0.45,,
primary_editor_current_document_remaining,0.45,,
current_view_completion,0.45,,
maximum_job_duration,0.45,,
file_ratio,0.45,,
connection_attempts,0.45,,
file_completion,0.45,,
api_remaining_window_completion,0.45,,
current_window_attempts,0.45,,
session_duration,0.45,,
background_system_estimated_panel_retries,0.45,,
service_estimated_result_completion,0.45,,
current_panel_attempts,0.45,,
item_elapsed,0.45,,
task_duration,0.45,,
system_total_session_attempts,0.45,,
total_connection_elapsed,0.45,,
result_elapsed,0.45,,
current_connection_progress,0.45,,
action_retries,0.45,,
user_scope,0.50,,
resource_approval,0.50,,
system_pending_panel_decision,0.50,,
global_web_document_result_scope,0.50,,
web_request_attempt_access,0.50,,
resource_ownership,0.50,,
editor_document_job_permission,0.50,,
request_account_permission,0.50,,
local_network_granted_attempt_approval,0.50,,
service_granted_panel_scope,0.50,,
document_panel_approval,0.50,,
request_request_review,0.50,,
web_request_attempt_decision,0.50,,
pending_account_access,0.50,,
resource_access,0.50,,
task_access,0.50,,
request_request_access,0.50,,
system_granted_request_access,0.50,,
item_permission,0.50,,
system_document_action_approval,0.50,,
team_attempt_permission,0.50,,
document_approval,0.50,,
global_web_request_item_approval,0.50,,
api_team_panel_decision,0.50,,
team_panel_permission,0.50,,
action_ownership,0.50,,
pending_document_ownership,0.50,,
request_attempt_review,0.50,,
client_document_request_access,0.50,,
approval,0.50,,
granted_document_decision,0.50,,
ownership,0.50,,
request_access,0.50,,
document_attempt_approval,0.50,,
task_decision,0.50,,
runtime_network_pending_action_decision,0.50,,
permission,0.50,,
scope,0.50,,
panel_membership,0.50,,
resource_scope,0.50,,
request_window_approval,0.50,,
access,0.50,,
document_connection_review,0.50,,
user_user_result_membership,0.50,,
granted_resource_permission,0.50,,
attempt_approval,0.50,,
runtime_user_request_result_approval,0.50,,
client_granted_document_membership,0.50,,
granted_resource_access,0.50,,
editor_document_action_scope,0.50,,
pending_window_approval,0.50,,
remote_api_user_panel_review,0.50,,
document_permission,0.50,,
session_review,0.50,,
panel_scope,0.50,,
pending_file_review,0.50,,
attempt_membership,0.50,,
primary_web_document_connection_access,0.50,,
user_review,0.50,,
account_approval,0.50,,
resource_decision,0.50,,
pending_result_ownership,0.50,,
page_approval,0.50,,
request_attempt_access,0.50,,
background_editor_default_request_pinned,0.55,,
search_request_focused,0.55,,
user_network_last_action_pinned,0.55,,
user_result_selected,0.55,,
attempt_focused,0.55,,
task_selected,0.55,,
client_active_request_highlighted,0.55,,
last_view_visible,0.55,,
user_search_attempt_visible,0.55,,
request_focused,0.55,,
last_page_visible,0.55,,
user_current,0.55,,
global_editor_default_view_current,0.55,,
session_pinned,0.55,,
last_window_focused,0.55,,
active_user_current,0.55,,
active_result_visible,0.55,,
editor_user_action_selected,0.55,,
user_result_current,0.55,,
network_active_window_expanded,0.55,,
background_network_last_document_highlighted,0.55,,
active_item_current,0.55,,
user_job_visible,0.55,,
last_resource_current,0.55,,
display_item_expanded,0.55,,
window_focused,0.55,,
display_task_expanded,0.55,,
expanded,0.55,,
display_panel_chosen,0.55,,
service_active_document_pinned,0.55,,
runtime_user_user_attempt_pinned,0.55,,
last_panel_expanded,0.55,,
user_selected,0.55,,
runtime_user_last_account_highlighted,0.55,,
remote_api_active_document_chosen,0.55,,
background_client_active_attempt_pinned,0.55,,
network_last_result_expanded,0.55,,
last_connection_expanded,0.55,,
client_last_page_expanded,0.55,,
document_chosen,0.55,,
page_current,0.55,,
result_pinned,0.55,,
panel_highlighted,0.55,,
network_search_document_current,0.55,,
search_result_pinned,0.55,,
active_window_selected,0.55,,
display_resource_focused,0.55,,
user_search_result_focused,0.55,,
system_last_account_visible,0.55,,
temporary_user_display_action_current,0.55,,
service_last_account_expanded,0.55,,
search_view_current,0.55,,
remote_editor_user_user_pinned,0.55,,
service_default_panel_pinned,0.55,,
default_request_chosen,0.55,,
account_pinned,0.55,,
search_request_visible,0.55,,
item_focused,0.55,,
last_item_focused,0.55,,
request_selected,0.55,,
chosen,0.55,,
highlighted,0.55,,
service_search_item_highlighted,0.55,,
request_empty,0.60,,
primary_client_currently_panel_ready,0.60,,
page_dirty,0.60,,
web_currently_connection_open,0.60,,
global_system_temporarily_attempt_idle,0.60,,
network_recently_file_full,0.60,,
remote_web_locally_view_open,0.60,,
web_remotely_action_empty,0.60,,
runtime_web_currently_file_stale,0.60,,
locally_attempt_dirty,0.60,,
item_empty,0.60,,
locally_result_dirty,0.60,,
temporarily_job_idle,0.60,,
empty,0.60,,
client_already_item_stale,0.60,,
runtime_system_remotely_result_full,0.60,,
currently_item_empty,0.60,,
client_remotely_task_stale,0.60,,
temporary_user_temporarily_file_dirty,0.60,,
view_open,0.60,,
user_empty,0.60,,
idle,0.60,,
resource_dirty,0.60,,
locally_account_busy,0.60,,
locally_page_idle,0.60,,
already_attempt_full,0.60,,
recently_connection_empty,0.60,,
job_stale,0.60,,
web_currently_panel_ready,0.60,,
user_currently_user_dirty,0.60,,
background_system_locally_window_empty,0.60,,
resource_ready,0.60,,
ready,0.60,,
item_busy,0.60,,
local_system_locally_request_ready,0.60,,
recently_session_idle,0.60,,
dirty,0.60,,
network_locally_user_open,0.60,,
job_empty,0.60,,
global_client_already_account_full,0.60,,
remote_network_currently_user_idle,0.60,,
file_idle,0.60,,
user_system_recently_item_stale,0.60,,
runtime_client_remotely_request_empty,0.60,,
already_item_empty,0.60,,
remotely_action_empty,0.60,,
web_already_page_empty,0.60,,
locally_resource_busy,0.60,,
stale,0.60,,
locally_account_empty,0.60,,
local_web_locally_resource_full,0.60,,
attempt_idle,0.60,,
connection_dirty,0.60,,
file_open,0.60,,
system_locally_attempt_open,0.60,,
client_already_page_stale,0.60,,
currently_file_idle,0.60,,
web_currently_job_full,0.60,,
resource_open,0.60,,
view_busy,0.60,,
remotely_result_idle,0.60,,
action_open,0.60,,
attempt_stale,0.60,,
result_modified,0.65,,
fully_account_started,0.65,,
result_processed,0.65,,
already_session_loaded,0.65,,
job_synced,0.65,,
view_saved,0.65,,
document_completed,0.65,,
editor_already_request_completed,0.65,,
connection_started,0.65,,
global_service_fully_attempt_changed,0.65,,
action_started,0.65,,
document_started,0.65,,
service_partially_session_synced,0.65,,
attempt_modified,0.65,,
locally_job_synced,0.65,,
partially_session_modified,0.65,,
system_previously_result_started,0.65,,
fully_action_saved,0.65,,
previously_job_started,0.65,,
fully_document_modified,0.65,,
primary_editor_previously_connection_synced,0.65,,
recently_item_modified,0.65,,
fully_view_synced,0.65,,
recently_window_processed,0.65,,
fully_request_started,0.65,,
partially_job_synced,0.65,,
client_partially_window_saved,0.65,,
previously_attempt_changed,0.65,,
recently_task_started,0.65,,
fully_session_saved,0.65,,
action_loaded,0.65,,
runtime_editor_previously_page_processed,0.65,,
system_partially_account_loaded,0.65,,
network_locally_task_started,0.65,,
file_saved,0.65,,
session_modified,0.65,,
user_recently_resource_synced,0.65,,
already_attempt_synced,0.65,,
attempt_completed,0.65,,
partially_action_synced,0.65,,
remote_service_recently_request_completed,0.65,,
system_recently_panel_changed,0.65,,
locally_item_completed,0.65,,
result_saved,0.65,,
global_api_previously_action_changed,0.65,,
page_processed,0.65,,
client_fully_session_saved,0.65,,
fully_action_loaded,0.65,,
runtime_api_already_job_changed,0.65,,
runtime_system_already_file_started,0.65,,
request_processed,0.65,,
locally_attempt_started,0.65,,
local_web_fully_attempt_processed,0.65,,
connection_synced,0.65,,
item_changed,0.65,,
api_previously_job_completed,0.65,,
temporary_network_partially_view_completed,0.65,,
already_item_processed,0.65,,
request_loaded,0.65,,
temporary_user_locally_attempt_saved,0.65,,
already_result_loaded,0.65,,
previously_file_modified,0.65,,
recently_document_completed,0.65,,
temporary_system_currently_resource_queued,0.70,,
queued,0.70,,
web_system_file_blocked,0.70,,
service_foreground_document_locked,0.70,,
network_foreground_result_locked,0.70,,
remote_client_user_view_queued,0.70,,
background_view_blocked,0.70,,
system_page_locked,0.70,,
temporary_service_background_request_waiting,0.70,,
user_background_account_queued,0.70,,
runtime_system_system_connection_running,0.70,,
local_client_foreground_window_paused,0.70,,
system_panel_expired,0.70,,
connection_locked,0.70,,
background_result_paused,0.70,,
view_expired,0.70,,
background_network_background_result_locked,0.70,,
foreground_panel_locked,0.70,,
web_user_request_locked,0.70,,
global_api_currently_connection_locked,0.70,,
resource_running,0.70,,
expired,0.70,,
network_task_paused,0.70,,
client_system_document_waiting,0.70,,
currently_account_locked,0.70,,
account_locked,0.70,,
foreground_user_expired,0.70,,
document_queued,0.70,,
user_view_blocked,0.70,,
account_running,0.70,,
network_system_request_waiting,0.70,,
system_background_session_paused,0.70,,
global_web_foreground_attempt_expired,0.70,,
file_running,0.70,,
network_task_queued,0.70,,
global_api_background_session_queued,0.70,,
foreground_resource_expired,0.70,,
window_queued,0.70,,
locked,0.70,,
editor_background_result_queued,0.70,,
background_attempt_blocked,0.70,,
system_job_locked,0.70,,
api_user_window_running,0.70,,
service_network_view_running,0.70,,
system_resource_locked,0.70,,
background_service_network_action_waiting,0.70,,
web_foreground_document_running,0.70,,
file_queued,0.70,,
temporary_editor_background_document_queued,0.70,,
failed,0.70,,
document_paused,0.70,,
api_foreground_request_running,0.70,,
user_system_panel_running,0.70,,
foreground_user_locked,0.70,,
editor_system_file_waiting,0.70,,
result_blocked,0.70,,
api_currently_result_expired,0.70,,
user_currently_task_running,0.70,,
user_result_expired,0.70,,
system_job_paused,0.70,,
paused,0.70,,
global_client_currently_result_paused,0.70,,
user_web_foreground_document_failed,0.70,,
user_health,0.75,,
remote_task_outcome,0.75,,
system_reported_result_readiness,0.75,,
healthcheck,0.75,,
request_response,0.75,,
api_reported_panel_status,0.75,,
api_external_request_status,0.75,,
user_client_request_action_health,0.75,,
window_readiness,0.75,,
local_service_remote_connection_status,0.75,,
remote_attempt_readiness,0.75,,
remote_account_availability,0.75,,
user_lifecycle,0.75,,
user_network_remote_panel_availability,0.75,,
user_external_item_outcome,0.75,,
runtime_user_remote_item_outcome,0.75,,
connection_availability,0.75,,
primary_api_service_document_lifecycle,0.75,,
network_remote_job_response,0.75,,
temporary_system_reported_page_readiness,0.75,,
editor_remote_result_stage,0.75,,
request_job_availability,0.75,,
readiness,0.75,,
external_user_lifecycle,0.75,,
background_service_reported_job_readiness,0.75,,
network_reported_window_availability,0.75,,
background_network_request_file_readiness,0.75,,
task_lifecycle,0.75,,
runtime_api_reported_task_availability,0.75,,
remote_view_health,0.75,,
window_health,0.75,,
temporary_api_service_job_response,0.75,,
user_availability,0.75,,
client_reported_task_stage,0.75,,
external_window_stage,0.75,,
system_remote_action_availability,0.75,,
system_latest_file_response,0.75,,
user_service_external_connection_readiness,0.75,,
connection_readiness,0.75,,
latest_task_stage,0.75,,
file_availability,0.75,,
editor_latest_window_outcome,0.75,,
client_external_item_status,0.75,,
user_service_task_response,0.75,,
request_session_response,0.75,,
editor_request_session_status,0.75,,
latest_session_status,0.75,,
attempt_status,0.75,,
web_remote_action_status,0.75,,
user_service_request_account_outcome,0.75,,
background_api_reported_window_outcome,0.75,,
service_window_response,0.75,,
client_external_connection_stage,0.75,,
service_service_connection_availability,0.75,,
editor_reported_view_readiness,0.75,,
api_external_window_lifecycle,0.75,,
statuscode,0.75,,
remote_request_response,0.75,,
editor_latest_session_stage,0.75,,
api_external_resource_outcome,0.75,,
job_status,0.75,,
service_view_lifecycle,0.75,,
reported_connection_availability,0.75,,
routing,0.80,,
user_system_runtime_attempt_state,0.80,,
user_mode,0.80,,
session_phase,0.80,,
local_client_runtime_page_handling,0.80,,
global_system_manual_user_operation,0.80,,
panel_routing,0.80,,
primary_web_runtime_view_handling,0.80,,
runtime_request_state,0.80,,
runtime_editor_default_task_phase,0.80,,
local_web_automatic_job_state,0.80,,
runtime_item_mode,0.80,,
runtime_service_automatic_request_operation,0.80,,
session_condition,0.80,,
user_manual_view_condition,0.80,,
automatic_account_operation,0.80,,
user_network_default_window_mode,0.80,,
remote_api_service_session_mode,0.80,,
automatic_panel_phase,0.80,,
service_automatic_window_condition,0.80,,
job_state,0.80,,
panel_handling,0.80,,
network_automatic_session_handling,0.80,,
client_default_request_condition,0.80,,
activation,0.80,,
background_user_default_account_mode,0.80,,
handling,0.80,,
network_manual_connection_mode,0.80,,
connection_routing,0.80,,
service_default_resource_mode,0.80,,
service_job_state,0.80,,
service_task_handling,0.80,,
automatic_result_mode,0.80,,
api_default_connection_routing,0.80,,
resource_state,0.80,,
service_action_condition,0.80,,
configured_user_handling,0.80,,
result_condition,0.80,,
api_manual_session_operation,0.80,,
manual_user_phase,0.80,,
request_condition,0.80,,
service_document_condition,0.80,,
configured_connection_execution,0.80,,
service_panel_execution,0.80,,
system_manual_action_phase,0.80,,
editor_default_window_operation,0.80,,
account_mode,0.80,,
automatic_window_condition,0.80,,
system_automatic_job_routing,0.80,,
result_execution,0.80,,
runtime_connection_mode,0.80,,
remote_editor_runtime_document_state,0.80,,
default_resource_phase,0.80,,
user_automatic_result_mode,0.80,,
network_configured_request_handling,0.80,,
temporary_system_service_view_execution,0.80,,
panel_execution,0.80,,
user_handling,0.80,,
configured_document_handling,0.80,,
automatic_task_phase,0.80,,
web_configured_user_operation,0.80,,
processing,0.80,,
editor_configured_task_mode,0.80,,
web_option_result_enabled,0.85,,
runtime_attempt_readonly,0.85,,
resource_configured,0.85,,
file_configured,0.85,,
request_available,0.85,,
user_session_configured,0.85,,
global_web_runtime_connection_available,0.85,,
editor_feature_job_permitted,0.85,,
page_available,0.85,,
user_configured,0.85,,
runtime_result_visible,0.85,,
window_disabled,0.85,,
editor_admin_account_editable,0.85,,
option_job_enabled,0.85,,
temporary_service_option_task_configured,0.85,,
temporary_editor_option_view_disabled,0.85,,
feature_attempt_available,0.85,,
page_readonly,0.85,,
global_web_user_action_readonly,0.85,,
admin_job_enabled,0.85,,
system_item_disabled,0.85,,
item_enabled,0.85,,
user_option_job_permitted,0.85,,
user_readonly,0.85,,
remote_system_feature_view_disabled,0.85,,
system_file_disabled,0.85,,
runtime_action_visible,0.85,,
feature_user_readonly,0.85,,
system_connection_disabled,0.85,,
user_feature_panel_configured,0.85,,
editor_system_item_readonly,0.85,,
available,0.85,,
action_editable,0.85,,
system_file_readonly,0.85,,
runtime_connection_configured,0.85,,
account_configured,0.85,,
user_enabled,0.85,,
background_api_feature_page_configured,0.85,,
user_job_enabled,0.85,,
document_readonly,0.85,,
attempt_visible,0.85,,
feature_page_readonly,0.85,,
attempt_readonly,0.85,,
file_disabled,0.85,,
feature_file_enabled,0.85,,
api_option_user_permitted,0.85,,
view_visible,0.85,,
system_user_attempt_configured,0.85,,
user_request_available,0.85,,
user_action_enabled,0.85,,
option_action_available,0.85,,
panel_enabled,0.85,,
runtime_result_available,0.85,,
temporary_system_feature_request_available,0.85,,
request_configured,0.85,,
item_editable,0.85,,
runtime_item_permitted,0.85,,
file_editable,0.85,,
action_disabled,0.85,,
panel_visible,0.85,,
action_permitted,0.85,,
user_action_visible,0.85,,
user_runtime_user_configured,0.85,,
user_user_current_resource_lifecycle,0.90,,
workflow_request_registration,0.90,,
task_registration,0.90,,
local_user_runtime_document_synchronization,0.90,,
local_network_remote_request_registration,0.90,,
local_system_service_window_connectivity,0.90,,
service_account_authorization,0.90,,
runtime_result_connectivity,0.90,,
global_network_runtime_panel_activation,0.90,,
api_workflow_window_activation,0.90,,
window_activation,0.90,,
service_service_user_connectivity,0.90,,
account_registration,0.90,,
current_user_connectivity,0.90,,
action_authentication,0.90,,
page_authentication,0.90,,
user_current_window_authorization,0.90,,
service_window_authentication,0.90,,
network_runtime_job_synchronization,0.90,,
request_action_lifecycle,0.90,,
view_execution,0.90,,
remote_connection_registration,0.90,,
request_job_authorization,0.90,,
task_activation,0.90,,
client_remote_account_lifecycle,0.90,,
local_api_current_window_synchronization,0.90,,
client_runtime_user_authentication,0.90,,
primary_client_request_view_authorization,0.90,,
runtime_action_lifecycle,0.90,,
item_synchronization,0.90,,
remote_user_lifecycle,0.90,,
client_service_page_authorization,0.90,,
service_resource_activation,0.90,,
file_authentication,0.90,,
background_api_workflow_panel_activation,0.90,,
session_authentication,0.90,,
remote_client_current_task_registration,0.90,,
remote_account_execution,0.90,,
workflow_request_lifecycle,0.90,,
runtime_resource_lifecycle,0.90,,
result_connectivity,0.90,,
runtime_service_runtime_panel_execution,0.90,,
system_runtime_window_authentication,0.90,,
api_service_result_authorization,0.90,,
job_synchronization,0.90,,
api_remote_panel_authentication,0.90,,
remote_task_execution,0.90,,
client_workflow_task_authentication,0.90,,
network_request_item_registration,0.90,,
synchronization,0.90,,
request_view_connectivity,0.90,,
service_service_attempt_activation,0.90,,
file_activation,0.90,,
execution,0.90,,
web_remote_panel_execution,0.90,,
user_network_workflow_item_authentication,0.90,,
user_workflow_resource_authorization,0.90,,
request_item_authorization,0.90,,
system_workflow_attempt_synchronization,0.90,,
runtime_result_lifecycle,0.90,,
background_client_remote_job_synchronization,0.90,,
user_service_remote_task_authorization,0.90,,
request_item_lifecycle,0.90,,
runtime_view_authorized,0.95,,
current_item_authorized,0.95,,
runtime_web_runtime_account_synchronized,0.95,,
system_request_panel_authenticated,0.95,,
attempt_authenticated,0.95,,
user_authenticated,0.95,,
remote_api_operation_connection_authorized,0.95,,
system_current_task_authorized,0.95,,
user_network_current_item_valid,0.95,,
request_resource_valid,0.95,,
runtime_client_workflow_view_authorized,0.95,,
authentication,0.95,,
result_authenticated,0.95,,
request_page_authenticated,0.95,,
client_service_file_ready,0.95,,
window_valid,0.95,,
runtime_account_available,0.95,,
runtime_task_initialized,0.95,,
workflow_result_ready,0.95,,
workflow_connection_synchronized,0.95,,
web_request_file_initialized,0.95,,
item_complete,0.95,,
web_service_request_initialized,0.95,,
api_current_document_initialized,0.95,,
primary_network_operation_job_initialized,0.95,,
item_synchronized,0.95,,
current_task_valid,0.95,,
temporary_user_runtime_item_ready,0.95,,
request_result_authorized,0.95,,
panel_authorized,0.95,,
system_request_attempt_valid,0.95,,
validation,0.95,,
operation_attempt_authorized,0.95,,
runtime_view_valid,0.95,,
workflow_job_authorized,0.95,,
item_available,0.95,,
runtime_session_authorized,0.95,,
workflow_view_authenticated,0.95,,
runtime_client_workflow_attempt_valid,0.95,,
attempt_valid,0.95,,
service_workflow_session_ready,0.95,,
operation_view_available,0.95,,
request_file_ready,0.95,,
panel_available,0.95,,
global_web_operation_page_ready,0.95,,
file_complete,0.95,,
web_workflow_request_available,0.95,,
runtime_panel_initialized,0.95,,
editor_current_connection_synchronized,0.95,,
file_authenticated,0.95,,
workflow_panel_initialized,0.95,,
availability,0.95,,
job_synchronized,0.95,,
task_initialized,0.95,,
system_current_view_initialized,0.95,,
initialization,0.95,,
local_system_current_connection_available,0.95,,
account_ready,0.95,,
api_current_account_ready,0.95,,
request_panel_complete,0.95,,
current_document_initialized,0.95,,
client_operation_view_synchronized,0.95,,
user_network_service_view_initialized,0.95,,
api_request_session_available,0.95,,
payment_workflow_account_job_availability,1.0,,
execution_device_is_approved,1.0,,
dialog_validity,1.0,,
resource_user_browser_state,1.0,,
is_node_authenticated,1.0,,
profile_activation,1.0,,
sensor_state,1.0,,
device_record_is_focused,1.0,,
service_connection_validity,1.0,,
network_client_is_terminated,1.0,,
is_paused,1.0,,
primary_request_phase,1.0,,
workflow_foreground_payment_status,1.0,,
state,1.0,,
payment_user_cluster_is_ready,1.0,,
is_invoice_complete,1.0,,
account_local_application_report_lifecycle,1.0,,
is_image_synced,1.0,,
workflow_document_client_is_inactive,1.0,,
user_current_transaction_is_active,1.0,,
remote_batch_lock,1.0,,
is_queue_open,1.0,,
processing_current_process_activity,1.0,,
network_container_is_pending,1.0,,
is_form_hidden,1.0,,
request_client_is_unavailable,1.0,,
selected,1.0,,
account_account_is_pending,1.0,,
resource_image_is_focused,1.0,,
resource_activation,1.0,,
batch_activity,1.0,,
is_unloaded,1.0,,
session_pipeline_is_disconnected,1.0,,
is_authenticated,1.0,,
is_screen_registered,1.0,,
service_browser_termination,1.0,,
application_previous_image_is_initialized,1.0,,
user_primary_message_is_unavailable,1.0,,
is_invoice_connected,1.0,,
is_registered,1.0,,
is_payment_unhealthy,1.0,,
is_rejected,1.0,,
phase,1.0,,
current_attachment_permission,1.0,,
account_local_workflow_synchronization,1.0,,
user_shipment_is_paused,1.0,,
resource_global_image_registration,1.0,,
user_client_validity,1.0,,
application_request_is_unavailable,1.0,,
is_message_disconnected,1.0,,
engine_termination,1.0,,
connection_global_event_health,1.0,,
secondary_process_readiness,1.0,,
dialog_progress,1.0,,
is_ready,1.0,,
is_locked,1.0,,
foreground_cart_mutability,1.0,,
workflow_remote_build_authentication,1.0,,
application_user_connection_file_condition,1.0,,
is_screen_complete,1.0,,
is_upload_locked,1.0,,
user_shipment_is_unloaded,1.0,,
account_upload_channel_is_initialized,1.0,,
secondary_invoice_focus,1.0,,
document_resource_compatibility,1.0,,
is_unregistered,1.0,,
task_secondary_document_compatibility,1.0,,
connection_cluster_is_focused,1.0,,
request_local_engine_is_disconnected,1.0,,
resource_service_connection_cursor_connectivity,1.0,,
is_stream_healthy,1.0,,
payment_job_approval,1.0,,
socket_mutability,1.0,,
network_workflow_session_is_open,1.0,,
is_report_enabled,1.0,,
device_device_is_open,1.0,,
connection_condition,1.0,,
is_profile_enabled,1.0,,
screen_connectivity,1.0,,
previous_connection_activation,1.0,,
remote_queue_state,1.0,,
resource_download_execution_service_registration,1.0,,
execution_system_network_session_condition,1.0,,
user_stream_ownership,1.0,,
device_network_project_is_visible,1.0,,
account_workflow_file_is_open,1.0,,
request_document_invoice_readiness,1.0,,
global_connection_lock,1.0,,
is_unlocked,1.0,,
processing_download_session_is_complete,1.0,,
is_closed,1.0,,
application_service_queue_is_valid,1.0,,
is_terminated,1.0,,
resource_download_order_activity,1.0,,
user_payment_notification_is_synced,1.0,,
session_payment_is_open,1.0,,
is_user_enabled,1.0,,
is_channel_initialized,1.0,,
document_account_activation,1.0,,
execution_secondary_form_is_active,1.0,,
is_cluster_locked,1.0,,
is_synced,1.0,,
device_network_task_health,1.0,,
execution_remote_worker_condition,1.0,,
task_cart_is_enabled,1.0,,
is_database_paused,1.0,,
foreground_job_eligibility,1.0,,
transaction_approval,1.0,,
is_inactive,1.0,,
form_orientation,1.0,,
device_previous_upload_ownership,1.0,,
client_registration,1.0,,
compatibility,1.0,,
network_primary_batch_phase,1.0,,
authentication_download_is_approved,1.0,,
payment_connectivity,1.0,,
visible,1.0,,
unlocked,1.0,,
is_download_unloaded,1.0,,
execution_application_is_disabled,1.0,,
is_report_open,1.0,,
is_device_enabled,1.0,,
network_message_is_valid,1.0,,
system_record_focus,1.0,,
workflow_secondary_account_cache_health,1.0,,
router_termination,1.0,,
is_cart_unhealthy,1.0,,
workflow_pipeline_authorization,1.0,,
is_disconnected,1.0,,
component_authentication,1.0,,
is_application_unavailable,1.0,,
node_completion,1.0,,
authentication_payment_is_closed,1.0,,
download_cluster_eligibility,1.0,,
message_progress,1.0,,
is_campaign_unavailable,1.0,,
authentication_background_router_completion,1.0,,
download_accessibility,1.0,,
workflow_target_resource_mutability,1.0,,
module_lifecycle,1.0,,
request_target_node_health,1.0,,
is_node_available,1.0,,
task_workflow_user_is_rejected,1.0,,
channel_authentication,1.0,,
stream_approval,1.0,,
condition,1.0,,
is_ticket_available,1.0,,
is_pending,1.0,,
authentication_background_workflow_job_selection,1.0,,
authentication_batch_is_closed,1.0,,
payment_secondary_router_phase,1.0,,
is_cursor_unlocked,1.0,,
unloaded,1.0,,
user_primary_deployment_focus,1.0,,
foreground_screen_compatibility,1.0,,
network_secondary_workflow_router_validity,1.0,,
is_database_approved,1.0,,
system_document_lifecycle,1.0,,
resource_current_pipeline_is_running,1.0,,
is_batch_closed,1.0,,
is_unsynced,1.0,,
authorized,1.0,,
user_compatibility,1.0,,
accessibility,1.0,,
is_client_unlocked,1.0,,
processing_document_is_ready,1.0,,
authentication_download_is_available,1.0,,
alert_lock,1.0,,
account_previous_record_activation,1.0,,
is_initialized,1.0,,
global_message_compatibility,1.0,,
module_validity,1.0,,
workflow_form_is_unloaded,1.0,,
is_cache_invalid,1.0,,
is_workflow_hidden,1.0,,
processing_order_is_unloaded,1.0,,
execution_secondary_browser_is_hidden,1.0,,
authentication_service_request_is_synced,1.0,,
is_account_unlocked,1.0,,
secondary_client_ownership,1.0,,
is_record_unsynced,1.0,,
valid,1.0,,
package_focus,1.0,,
authentication_payment_profile_health,1.0,,
focus,1.0,,
user_stream_lifecycle,1.0,,
is_payment_closed,1.0,,
is_complete,1.0,,
account_service_pipeline_completion,1.0,,
worker_progress,1.0,,
is_deployment_available,1.0,,
is_batch_connected,1.0,,
is_order_open,1.0,,
is_disabled,1.0,,
current_download_completion,1.0,,
is_service_authorized,1.0,,
is_running,1.0,,
device_payment_router_is_connected,1.0,,
user_upload_account_registration,1.0,,
background_upload_connectivity,1.0,,
connection_component_is_valid,1.0,,
foreground_job_presence,1.0,,
user_authorization,1.0,,
payment_request_is_loaded,1.0,,
session_user_application_account_completion,1.0,,
document_cart_focus,1.0,,
is_query_authenticated,1.0,,
resource_payment_cache_is_ready,1.0,,
user_response_is_authorized,1.0,,
request_network_cache_activation,1.0,,
is_transaction_hidden,1.0,,
unhealthy,1.0,,
approved,1.0,,
user_local_client_lock,1.0,,
user_target_processing_browser_mutability,1.0,,
service_dialog_authorization,1.0,,
session_connection_is_enabled,1.0,,
network_download_account_termination,1.0,,
network_screen_is_hidden,1.0,,
document_query_progress,1.0,,
connection_progress,1.0,,
open,1.0,,
task_current_session_is_terminated,1.0,,
is_campaign_invalid,1.0,,
is_channel_unloaded,1.0,,
workflow_local_user_presence,1.0,,
current_response_ownership,1.0,,
processing_download_page_is_synced,1.0,,
device_current_connection_user_availability,1.0,,
task_current_request_state,1.0,,
is_client_pending,1.0,,
is_invalid,1.0,,
upload_database_completion,1.0,,
download_order_eligibility,1.0,,
connection_secondary_process_ownership,1.0,,
is_stream_locked,1.0,,
user_background_report_mutability,1.0,,
task_background_cursor_registration,1.0,,
is_approved,1.0,,
order_state,1.0,,
module_orientation,1.0,,
is_sensor_connected,1.0,,
invalid,1.0,,
package_visibility,1.0,,
is_message_pending,1.0,,
session_target_package_mutability,1.0,,
connection_primary_package_phase,1.0,,
is_resource_ready,1.0,,
processing_document_engine_status,1.0,,
payment_target_request_lifecycle,1.0,,
request_queue_is_registered,1.0,,
device_activity,1.0,,
device_response_is_loaded,1.0,,
is_cluster_connected,1.0,,
account_network_batch_is_healthy,1.0,,
upload_image_focus,1.0,,
network_client_condition,1.0,,
request_secondary_network_socket_mode,1.0,,
resource_payment_node_is_disconnected,1.0,,
process_activity,1.0,,
network_device_ownership,1.0,,
device_database_is_unhealthy,1.0,,
secondary_package_approval,1.0,,
account_target_user_container_compatibility,1.0,,
primary_cache_accessibility,1.0,,
payment_resource_eligibility,1.0,,
is_notification_unsynced,1.0,,
payment_target_connection_report_visibility,1.0,,
network_record_is_unavailable,1.0,,
is_attachment_focused,1.0,,
is_record_hidden,1.0,,
browser_permission,1.0,,
account_module_is_disabled,1.0,,
task_component_is_selected,1.0,,
session_stream_is_terminated,1.0,,
record_visibility,1.0,,
request_previous_user_cluster_lock,1.0,,
is_available,1.0,,
is_pipeline_visible,1.0,,
connected,1.0,,
file_activity,1.0,,
local_invoice_visibility,1.0,,
task_service_engine_state,1.0,,
subscription_orientation,1.0,,
network_queue_is_unlocked,1.0,,
account_user_authentication_download_orientation,1.0,,
is_valid,1.0,,
is_loaded,1.0,,
resource_ticket_is_unsynced,1.0,,
is_cluster_authorized,1.0,,
is_query_running,1.0,,
connection_user_database_visibility,1.0,,
processing_primary_account_client_status,1.0,,
connection_deployment_subscription_is_connected,1.0,,
payment_deployment_user_activation,1.0,,
dialog_activation,1.0,,
cart_condition,1.0,,
is_unavailable,1.0,,
query_eligibility,1.0,,
payment_component_is_terminated,1.0,,
remote_query_permission,1.0,,
background_order_progress,1.0,,
processing_system_workflow_is_pending,1.0,,
is_response_selected,1.0,,
target_socket_selection,1.0,,
request_network_router_progress,1.0,,
device_user_session_job_condition,1.0,,
message_focus,1.0,,
processing_payment_is_visible,1.0,,
network_document_request_build_compatibility,1.0,,
transaction_status,1.0,,
remote_response_condition,1.0,,
account_task_is_rejected,1.0,,
execution_global_worker_compatibility,1.0,,
workflow_user_payment_user_accessibility,1.0,,
session_foreground_deployment_is_visible,1.0,,
record_condition,1.0,,
is_visible,1.0,,
is_user_locked,1.0,,
network_network_job_focus,1.0,,
account_global_cluster_authentication,1.0,,
document_lock,1.0,,
package_synchronization,1.0,,
network_current_page_is_ready,1.0,,
is_job_invalid,1.0,,
alert_selection,1.0,,
is_hidden,1.0,,
is_job_unhealthy,1.0,,
authentication_payment_campaign_phase,1.0,,
session_upload_channel_condition,1.0,,
is_application_open,1.0,,
is_enabled,1.0,,
connection_primary_request_is_unavailable,1.0,,
resource_module_is_enabled,1.0,,
payment_target_module_availability,1.0,,
socket_progress,1.0,,
connection_subscription_is_registered,1.0,,
invoice_phase,1.0,,
is_pipeline_selected,1.0,,
is_cluster_initialized,1.0,,
task_workflow_node_registration,1.0,,
payment_file_is_inactive,1.0,,
is_attachment_complete,1.0,,
application_mode,1.0,,
resource_order_is_ready,1.0,,
application_upload_is_paused,1.0,,
workflow_download_is_approved,1.0,,
remote_message_availability,1.0,,
application_upload_request_service_eligibility,1.0,,
processing_remote_subscription_is_selected,1.0,,
orientation,1.0,,
response_mutability,1.0,,
sensor_eligibility,1.0,,
device_form_is_active,1.0,,
network_response_status,1.0,,
attachment_mode,1.0,,
deployment_stream_condition,1.0,,
application_invoice_is_complete,1.0,,
account_network_authentication_payment_readiness,1.0,,
network_component_synchronization,1.0,,
visibility,1.0,,
ticket_orientation,1.0,,
is_alert_synced,1.0,,
is_workflow_unloaded,1.0,,
background_document_selection,1.0,,
user_alert_accessibility,1.0,,
task_package_is_selected,1.0,,
initialized,1.0,,
cursor_activation,1.0,,
pending,1.0,,
execution_primary_processing_ticket_compatibility,1.0,,
status,1.0,,
account_target_form_is_active,1.0,,
is_queue_unhealthy,1.0,,
is_connected,1.0,,
download_termination,1.0,,
target_application_progress,1.0,,
session_target_invoice_selection,1.0,,
workflow_workflow_cursor_status,1.0,,
is_project_ready,1.0,,
is_unhealthy,1.0,,
execution_module_is_focused,1.0,,
execution_workflow_is_terminated,1.0,,
payment_secondary_account_component_status,1.0,,
is_cart_selected,1.0,,
is_job_pending,1.0,,
network_deployment_event_health,1.0,,
module_completion,1.0,,
cluster_status,1.0,,
payment_document_account_invoice_progress,1.0,,
upload_package_termination,1.0,,
resource_deployment_module_eligibility,1.0,,
user_resource_is_terminated,1.0,,
is_cluster_unregistered,1.0,,
is_stream_running,1.0,,
is_open,1.0,,
page_termination,1.0,,
application_remote_screen_lock,1.0,,
task_process_is_focused,1.0,,
is_process_ready,1.0,,
